/*
 Navicat Premium Data Transfer

 Source Server         : chi
 Source Server Type    : MySQL
 Source Server Version : 80027
 Source Host           : localhost:3306
 Source Schema         : activiti_2163

 Target Server Type    : MySQL
 Target Server Version : 80027
 File Encoding         : 65001

 Date: 12/05/2022 17:59:30
*/

SET NAMES utf8mb4;
SET FOREIGN_KEY_CHECKS = 0;

-- ----------------------------
-- Table structure for act_ge_bytearray
-- ----------------------------
DROP TABLE IF EXISTS `act_ge_bytearray`;
CREATE TABLE `act_ge_bytearray`  (
  `ID_` varchar(64) CHARACTER SET utf8 COLLATE utf8_bin NOT NULL DEFAULT '',
  `REV_` int NULL DEFAULT NULL,
  `NAME_` varchar(255) CHARACTER SET utf8 COLLATE utf8_bin NULL DEFAULT NULL,
  `DEPLOYMENT_ID_` varchar(64) CHARACTER SET utf8 COLLATE utf8_bin NULL DEFAULT NULL,
  `BYTES_` longblob NULL,
  `GENERATED_` tinyint NULL DEFAULT NULL,
  PRIMARY KEY (`ID_`) USING BTREE,
  INDEX `ACT_FK_BYTEARR_DEPL`(`DEPLOYMENT_ID_`) USING BTREE,
  CONSTRAINT `ACT_FK_BYTEARR_DEPL` FOREIGN KEY (`DEPLOYMENT_ID_`) REFERENCES `act_re_deployment` (`ID_`) ON DELETE RESTRICT ON UPDATE RESTRICT
) ENGINE = InnoDB CHARACTER SET = utf8 COLLATE = utf8_bin ROW_FORMAT = Dynamic;

-- ----------------------------
-- Records of act_ge_bytearray
-- ----------------------------
INSERT INTO `act_ge_bytearray` VALUES ('3402', 1, 'leaveBill.bpmn', '3401', 0x3C3F786D6C2076657273696F6E3D22312E302220656E636F64696E673D225554462D3822207374616E64616C6F6E653D22796573223F3E0A3C646566696E6974696F6E7320786D6C6E733D22687474703A2F2F7777772E6F6D672E6F72672F737065632F42504D4E2F32303130303532342F4D4F44454C2220786D6C6E733A61637469766974693D22687474703A2F2F61637469766974692E6F72672F62706D6E2220786D6C6E733A62706D6E64693D22687474703A2F2F7777772E6F6D672E6F72672F737065632F42504D4E2F32303130303532342F44492220786D6C6E733A6F6D6764633D22687474703A2F2F7777772E6F6D672E6F72672F737065632F44442F32303130303532342F44432220786D6C6E733A6F6D6764693D22687474703A2F2F7777772E6F6D672E6F72672F737065632F44442F32303130303532342F44492220786D6C6E733A746E733D22687474703A2F2F7777772E61637469766974692E6F72672F746573742220786D6C6E733A7873643D22687474703A2F2F7777772E77332E6F72672F323030312F584D4C536368656D612220786D6C6E733A7873693D22687474703A2F2F7777772E77332E6F72672F323030312F584D4C536368656D612D696E7374616E6365222065787072657373696F6E4C616E67756167653D22687474703A2F2F7777772E77332E6F72672F313939392F5850617468222069643D226D3136333839343434353533353722206E616D653D2222207461726765744E616D6573706163653D22687474703A2F2F7777772E61637469766974692E6F72672F746573742220747970654C616E67756167653D22687474703A2F2F7777772E77332E6F72672F323030312F584D4C536368656D61223E0A20203C70726F636573732069643D224C6561766542696C6C22206973436C6F7365643D2266616C73652220697345786563757461626C653D227472756522206E616D653D224C6561766542696C6C50726F63657373222070726F63657373547970653D224E6F6E65223E0A202020203C73746172744576656E742069643D2273746172745F6576656E7422206E616D653D225374617274222F3E0A202020203C757365725461736B2061637469766974693A61737369676E65653D22247B696E707574557365727D222061637469766974693A6578636C75736976653D2274727565222061637469766974693A666F726D4B65793D22776F726B666C6F77416374696F6E5F61756469742E616374696F6E222069643D227375626D69745461736B22206E616D653D22E68F90E4BAA4E794B3E8AFB7222F3E0A202020203C73657175656E6365466C6F772069643D2273715F746F5F73746172742220736F757263655265663D2273746172745F6576656E7422207461726765745265663D227375626D69745461736B222F3E0A202020203C757365725461736B2061637469766974693A6578636C75736976653D2274727565222061637469766974693A666F726D4B65793D22776F726B666C6F77416374696F6E5F61756469742E616374696F6E222069643D226D616E616765725461736B22206E616D653D22E983A8E997A8E7BB8FE79086E5AEA1E689B9223E0A2020202020203C657874656E73696F6E456C656D656E74733E0A20202020202020203C61637469766974693A7461736B4C697374656E657220636C6173733D22636F6D2E776F726B666C6F772E6C697374656E65722E4C656176655461736B48616E646C657222206576656E743D22637265617465222F3E0A2020202020203C2F657874656E73696F6E456C656D656E74733E0A202020203C2F757365725461736B3E0A202020203C757365725461736B2061637469766974693A6578636C75736976653D2274727565222061637469766974693A666F726D4B65793D22776F726B666C6F77416374696F6E5F61756469742E616374696F6E222069643D22626F73735461736B22206E616D653D22E88081E680BBE5AEA1E689B9223E0A2020202020203C657874656E73696F6E456C656D656E74733E0A20202020202020203C61637469766974693A7461736B4C697374656E657220636C6173733D22636F6D2E776F726B666C6F772E6C697374656E65722E4C656176655461736B48616E646C657222206576656E743D22637265617465222F3E0A2020202020203C2F657874656E73696F6E456C656D656E74733E0A202020203C2F757365725461736B3E0A202020203C656E644576656E742069643D22656E645F6576656E7422206E616D653D22456E64223E0A2020202020203C657874656E73696F6E456C656D656E74733E0A20202020202020203C61637469766974693A657865637574696F6E4C697374656E657220636C6173733D22636F6D2E776F726B666C6F772E6C697374656E65722E4C65617665456E6448616E646C657222206576656E743D227374617274222F3E0A2020202020203C2F657874656E73696F6E456C656D656E74733E0A202020203C2F656E644576656E743E0A202020203C6578636C7573697665476174657761792064656661756C743D2273715F6D616E5F6E6F222067617465776179446972656374696F6E3D22556E737065636966696564222069643D226578635F677761795F6D616E22206E616D653D22E6A380E6B58BE7BB8FE79086E6848FE8A781222F3E0A202020203C73657175656E6365466C6F772069643D2273715F6D616E5F61667465722220736F757263655265663D226D616E616765725461736B22207461726765745265663D226578635F677761795F6D616E222F3E0A202020203C73657175656E6365466C6F772069643D2273715F746F5F626F737322206E616D653D22E7BB99426F7373E5AEA1E689B92220736F757263655265663D226578635F677761795F6D616E22207461726765745265663D22626F73735461736B223E0A2020202020203C636F6E646974696F6E45787072657373696F6E207873693A747970653D2274466F726D616C45787072657373696F6E223E3C215B43444154415B247B646179733E357D5D5D3E3C2F636F6E646974696F6E45787072657373696F6E3E0A202020203C2F73657175656E6365466C6F773E0A202020203C73657175656E6365466C6F772069643D2273715F6D616E5F6E6F22206E616D653D22E7BB8FE79086E4B88DE5908CE6848F2220736F757263655265663D226578635F677761795F6D616E22207461726765745265663D227375626D69745461736B222F3E0A202020203C6578636C7573697665476174657761792064656661756C743D2273715F626F73735F6E6F222067617465776179446972656374696F6E3D22556E737065636966696564222069643D226578635F677761795F626F737322206E616D653D22E6A380E6B58B626F7373E6848FE8A781222F3E0A202020203C73657175656E6365466C6F772069643D2273715F626F73735F61667465722220736F757263655265663D22626F73735461736B22207461726765745265663D226578635F677761795F626F7373222F3E0A202020203C73657175656E6365466C6F772069643D227371625F746F5F656E6422206E616D653D22E69C80E7BB88E7BB93E69D9F2220736F757263655265663D226578635F677761795F626F737322207461726765745265663D22656E645F6576656E74223E0A2020202020203C636F6E646974696F6E45787072657373696F6E207873693A747970653D2274466F726D616C45787072657373696F6E223E3C215B43444154415B247B626F73734170703D3D2774727565277D5D5D3E3C2F636F6E646974696F6E45787072657373696F6E3E0A202020203C2F73657175656E6365466C6F773E0A202020203C73657175656E6365466C6F772069643D227371645F746F5F656E6422206E616D653D22E79BB4E68EA5E7BB93E69D9F2220736F757263655265663D226578635F677761795F6D616E22207461726765745265663D22656E645F6576656E74223E0A2020202020203C636F6E646974696F6E45787072657373696F6E207873693A747970653D2274466F726D616C45787072657373696F6E223E3C215B43444154415B247B646179733C3D3520262620646570744170703D3D2774727565277D5D5D3E3C2F636F6E646974696F6E45787072657373696F6E3E0A202020203C2F73657175656E6365466C6F773E0A202020203C73657175656E6365466C6F772069643D2273715F626F73735F6E6F22206E616D653D22E680BBE7BB8FE79086E4B88DE5908CE6848F2220736F757263655265663D226578635F677761795F626F737322207461726765745265663D227375626D69745461736B222F3E0A202020203C6578636C7573697665476174657761792064656661756C743D2273715F746F5F64657074222067617465776179446972656374696F6E3D22556E737065636966696564222069643D226578636C7573697665676174657761793122206E616D653D224578636C75736976652047617465776179222F3E0A202020203C73657175656E6365466C6F772069643D2273715F636D745F61667465722220736F757263655265663D227375626D69745461736B22207461726765745265663D226578636C75736976656761746577617931222F3E0A202020203C73657175656E6365466C6F772069643D2273715F746F5F646570742220736F757263655265663D226578636C7573697665676174657761793122207461726765745265663D226D616E616765725461736B222F3E0A202020203C73657175656E6365466C6F772069643D2273715F63616E63656C2220736F757263655265663D226578636C7573697665676174657761793122207461726765745265663D22656E645F6576656E74223E0A2020202020203C636F6E646974696F6E45787072657373696F6E207873693A747970653D2274466F726D616C45787072657373696F6E223E3C215B43444154415B247B63616E63656C3D3D2774727565277D5D5D3E3C2F636F6E646974696F6E45787072657373696F6E3E0A202020203C2F73657175656E6365466C6F773E0A20203C2F70726F636573733E0A20203C62706D6E64693A42504D4E4469616772616D20646F63756D656E746174696F6E3D226261636B67726F756E643D233343334634313B636F756E743D313B686F72697A6F6E74616C636F756E743D313B6F7269656E746174696F6E3D303B77696474683D3834322E343B6865696768743D313139352E323B696D61676561626C6557696474683D3833322E343B696D61676561626C654865696768743D313138352E323B696D61676561626C65583D352E303B696D61676561626C65593D352E30222069643D224469616772616D2D5F3122206E616D653D224E6577204469616772616D223E0A202020203C62706D6E64693A42504D4E506C616E652062706D6E456C656D656E743D224C6561766542696C6C223E0A2020202020203C62706D6E64693A42504D4E53686170652062706D6E456C656D656E743D2273746172745F6576656E74222069643D2253686170652D73746172745F6576656E74223E0A20202020202020203C6F6D6764633A426F756E6473206865696768743D2233322E30222077696474683D2233322E302220783D223239302E302220793D2236302E30222F3E0A20202020202020203C62706D6E64693A42504D4E4C6162656C3E0A202020202020202020203C6F6D6764633A426F756E6473206865696768743D2233322E30222077696474683D2233322E302220783D22302E302220793D22302E30222F3E0A20202020202020203C2F62706D6E64693A42504D4E4C6162656C3E0A2020202020203C2F62706D6E64693A42504D4E53686170653E0A2020202020203C62706D6E64693A42504D4E53686170652062706D6E456C656D656E743D227375626D69745461736B222069643D2253686170652D7375626D69745461736B223E0A20202020202020203C6F6D6764633A426F756E6473206865696768743D2235352E30222077696474683D223130352E302220783D223235352E302220793D223132302E30222F3E0A20202020202020203C62706D6E64693A42504D4E4C6162656C3E0A202020202020202020203C6F6D6764633A426F756E6473206865696768743D2235352E30222077696474683D223130352E302220783D22302E302220793D22302E30222F3E0A20202020202020203C2F62706D6E64693A42504D4E4C6162656C3E0A2020202020203C2F62706D6E64693A42504D4E53686170653E0A2020202020203C62706D6E64693A42504D4E53686170652062706D6E456C656D656E743D226D616E616765725461736B222069643D2253686170652D6D616E616765725461736B223E0A20202020202020203C6F6D6764633A426F756E6473206865696768743D2235352E30222077696474683D223130352E302220783D223235352E302220793D223236332E30222F3E0A20202020202020203C62706D6E64693A42504D4E4C6162656C3E0A202020202020202020203C6F6D6764633A426F756E6473206865696768743D2235352E30222077696474683D223130352E302220783D22302E302220793D22302E30222F3E0A20202020202020203C2F62706D6E64693A42504D4E4C6162656C3E0A2020202020203C2F62706D6E64693A42504D4E53686170653E0A2020202020203C62706D6E64693A42504D4E53686170652062706D6E456C656D656E743D22626F73735461736B222069643D2253686170652D626F73735461736B223E0A20202020202020203C6F6D6764633A426F756E6473206865696768743D2235352E30222077696474683D223130352E302220783D223235352E302220793D223430302E30222F3E0A20202020202020203C62706D6E64693A42504D4E4C6162656C3E0A202020202020202020203C6F6D6764633A426F756E6473206865696768743D2235352E30222077696474683D223130352E302220783D22302E302220793D22302E30222F3E0A20202020202020203C2F62706D6E64693A42504D4E4C6162656C3E0A2020202020203C2F62706D6E64693A42504D4E53686170653E0A2020202020203C62706D6E64693A42504D4E53686170652062706D6E456C656D656E743D22656E645F6576656E74222069643D2253686170652D656E645F6576656E74223E0A20202020202020203C6F6D6764633A426F756E6473206865696768743D2233322E30222077696474683D2233322E302220783D223239302E302220793D223536302E30222F3E0A20202020202020203C62706D6E64693A42504D4E4C6162656C3E0A202020202020202020203C6F6D6764633A426F756E6473206865696768743D2233322E30222077696474683D2233322E302220783D22302E302220793D22302E30222F3E0A20202020202020203C2F62706D6E64693A42504D4E4C6162656C3E0A2020202020203C2F62706D6E64693A42504D4E53686170653E0A2020202020203C62706D6E64693A42504D4E53686170652062706D6E456C656D656E743D226578635F677761795F6D616E222069643D2253686170652D6578635F677761795F6D616E222069734D61726B657256697369626C653D2266616C7365223E0A20202020202020203C6F6D6764633A426F756E6473206865696768743D2233322E30222077696474683D2233322E302220783D223238372E302220793D223334302E30222F3E0A20202020202020203C62706D6E64693A42504D4E4C6162656C3E0A202020202020202020203C6F6D6764633A426F756E6473206865696768743D2233322E30222077696474683D2233322E302220783D22302E302220793D22302E30222F3E0A20202020202020203C2F62706D6E64693A42504D4E4C6162656C3E0A2020202020203C2F62706D6E64693A42504D4E53686170653E0A2020202020203C62706D6E64693A42504D4E53686170652062706D6E456C656D656E743D226578635F677761795F626F7373222069643D2253686170652D6578635F677761795F626F7373222069734D61726B657256697369626C653D2266616C7365223E0A20202020202020203C6F6D6764633A426F756E6473206865696768743D2233322E30222077696474683D2233322E302220783D223238372E302220793D223439302E30222F3E0A20202020202020203C62706D6E64693A42504D4E4C6162656C3E0A202020202020202020203C6F6D6764633A426F756E6473206865696768743D2233322E30222077696474683D2233322E302220783D22302E302220793D22302E30222F3E0A20202020202020203C2F62706D6E64693A42504D4E4C6162656C3E0A2020202020203C2F62706D6E64693A42504D4E53686170653E0A2020202020203C62706D6E64693A42504D4E53686170652062706D6E456C656D656E743D226578636C75736976656761746577617931222069643D2253686170652D6578636C75736976656761746577617931222069734D61726B657256697369626C653D2266616C7365223E0A20202020202020203C6F6D6764633A426F756E6473206865696768743D2233322E30222077696474683D2233322E302220783D223238372E302220793D223230302E30222F3E0A20202020202020203C62706D6E64693A42504D4E4C6162656C3E0A202020202020202020203C6F6D6764633A426F756E6473206865696768743D2233322E30222077696474683D2233322E302220783D22302E302220793D22302E30222F3E0A20202020202020203C2F62706D6E64693A42504D4E4C6162656C3E0A2020202020203C2F62706D6E64693A42504D4E53686170653E0A2020202020203C62706D6E64693A42504D4E456467652062706D6E456C656D656E743D2273715F746F5F64657074222069643D2242504D4E456467655F73715F746F5F646570742220736F75726365456C656D656E743D226578636C757369766567617465776179312220746172676574456C656D656E743D226D616E616765725461736B223E0A20202020202020203C6F6D6764693A776179706F696E7420783D223330332E302220793D223233322E30222F3E0A20202020202020203C6F6D6764693A776179706F696E7420783D223330332E302220793D223236332E30222F3E0A20202020202020203C62706D6E64693A42504D4E4C6162656C3E0A202020202020202020203C6F6D6764633A426F756E6473206865696768743D222D312E30222077696474683D222D312E302220783D222D312E302220793D222D312E30222F3E0A20202020202020203C2F62706D6E64693A42504D4E4C6162656C3E0A2020202020203C2F62706D6E64693A42504D4E456467653E0A2020202020203C62706D6E64693A42504D4E456467652062706D6E456C656D656E743D227371625F746F5F656E64222069643D2242504D4E456467655F7371625F746F5F656E642220736F75726365456C656D656E743D226578635F677761795F626F73732220746172676574456C656D656E743D22656E645F6576656E74223E0A20202020202020203C6F6D6764693A776179706F696E7420783D223330342E352220793D223532302E35222F3E0A20202020202020203C6F6D6764693A776179706F696E7420783D223330342E352220793D223536302E303730343637363737393236222F3E0A20202020202020203C62706D6E64693A42504D4E4C6162656C3E0A202020202020202020203C6F6D6764633A426F756E6473206865696768743D2231342E30222077696474683D2234382E302220783D223332342E302220793D223532392E30222F3E0A20202020202020203C2F62706D6E64693A42504D4E4C6162656C3E0A2020202020203C2F62706D6E64693A42504D4E456467653E0A2020202020203C62706D6E64693A42504D4E456467652062706D6E456C656D656E743D227371645F746F5F656E64222069643D2242504D4E456467655F7371645F746F5F656E642220736F75726365456C656D656E743D226578635F677761795F6D616E2220746172676574456C656D656E743D22656E645F6576656E74223E0A20202020202020203C6F6D6764693A776179706F696E7420783D223331362E302220793D223335392E30222F3E0A20202020202020203C6F6D6764693A776179706F696E7420783D223431362E302220793D223335392E30222F3E0A20202020202020203C6F6D6764693A776179706F696E7420783D223431362E302220793D223537372E30222F3E0A20202020202020203C6F6D6764693A776179706F696E7420783D223332322E302220793D223537362E30222F3E0A20202020202020203C62706D6E64693A42504D4E4C6162656C3E0A202020202020202020203C6F6D6764633A426F756E6473206865696768743D2231342E30222077696474683D223130302E302220783D223338392E302220793D223339332E30222F3E0A20202020202020203C2F62706D6E64693A42504D4E4C6162656C3E0A2020202020203C2F62706D6E64693A42504D4E456467653E0A2020202020203C62706D6E64693A42504D4E456467652062706D6E456C656D656E743D2273715F636D745F6166746572222069643D2242504D4E456467655F73715F636D745F61667465722220736F75726365456C656D656E743D227375626D69745461736B2220746172676574456C656D656E743D226578636C75736976656761746577617931223E0A20202020202020203C6F6D6764693A776179706F696E7420783D223330332E302220793D223137352E30222F3E0A20202020202020203C6F6D6764693A776179706F696E7420783D223330332E302220793D223230302E30222F3E0A20202020202020203C62706D6E64693A42504D4E4C6162656C3E0A202020202020202020203C6F6D6764633A426F756E6473206865696768743D222D312E30222077696474683D222D312E302220783D222D312E302220793D222D312E30222F3E0A20202020202020203C2F62706D6E64693A42504D4E4C6162656C3E0A2020202020203C2F62706D6E64693A42504D4E456467653E0A2020202020203C62706D6E64693A42504D4E456467652062706D6E456C656D656E743D2273715F626F73735F6E6F222069643D2242504D4E456467655F73715F626F73735F6E6F2220736F75726365456C656D656E743D226578635F677761795F626F73732220746172676574456C656D656E743D227375626D69745461736B223E0A20202020202020203C6F6D6764693A776179706F696E7420783D223331362E302220793D223530392E30222F3E0A20202020202020203C6F6D6764693A776179706F696E7420783D223436372E302220793D223530392E30222F3E0A20202020202020203C6F6D6764693A776179706F696E7420783D223436372E302220793D223134372E30222F3E0A20202020202020203C6F6D6764693A776179706F696E7420783D223336302E302220793D223134372E35222F3E0A20202020202020203C62706D6E64693A42504D4E4C6162656C3E0A202020202020202020203C6F6D6764633A426F756E6473206865696768743D2231342E30222077696474683D2237322E302220783D223433392E302220793D223433312E30222F3E0A20202020202020203C2F62706D6E64693A42504D4E4C6162656C3E0A2020202020203C2F62706D6E64693A42504D4E456467653E0A2020202020203C62706D6E64693A42504D4E456467652062706D6E456C656D656E743D2273715F626F73735F6166746572222069643D2242504D4E456467655F73715F626F73735F61667465722220736F75726365456C656D656E743D22626F73735461736B2220746172676574456C656D656E743D226578635F677761795F626F7373223E0A20202020202020203C6F6D6764693A776179706F696E7420783D223330332E302220793D223435352E30222F3E0A20202020202020203C6F6D6764693A776179706F696E7420783D223330332E302220793D223439302E30222F3E0A20202020202020203C62706D6E64693A42504D4E4C6162656C3E0A202020202020202020203C6F6D6764633A426F756E6473206865696768743D222D312E30222077696474683D222D312E302220783D222D312E302220793D222D312E30222F3E0A20202020202020203C2F62706D6E64693A42504D4E4C6162656C3E0A2020202020203C2F62706D6E64693A42504D4E456467653E0A2020202020203C62706D6E64693A42504D4E456467652062706D6E456C656D656E743D2273715F746F5F7374617274222069643D2242504D4E456467655F73715F746F5F73746172742220736F75726365456C656D656E743D2273746172745F6576656E742220746172676574456C656D656E743D227375626D69745461736B223E0A20202020202020203C6F6D6764693A776179706F696E7420783D223330362E302220793D2239322E30222F3E0A20202020202020203C6F6D6764693A776179706F696E7420783D223330362E302220793D223132302E30222F3E0A20202020202020203C62706D6E64693A42504D4E4C6162656C3E0A202020202020202020203C6F6D6764633A426F756E6473206865696768743D222D312E30222077696474683D222D312E302220783D222D312E302220793D222D312E30222F3E0A20202020202020203C2F62706D6E64693A42504D4E4C6162656C3E0A2020202020203C2F62706D6E64693A42504D4E456467653E0A2020202020203C62706D6E64693A42504D4E456467652062706D6E456C656D656E743D2273715F6D616E5F6166746572222069643D2242504D4E456467655F73715F6D616E5F61667465722220736F75726365456C656D656E743D226D616E616765725461736B2220746172676574456C656D656E743D226578635F677761795F6D616E223E0A20202020202020203C6F6D6764693A776179706F696E7420783D223330332E302220793D223331382E30222F3E0A20202020202020203C6F6D6764693A776179706F696E7420783D223330332E302220793D223334302E30222F3E0A20202020202020203C62706D6E64693A42504D4E4C6162656C3E0A202020202020202020203C6F6D6764633A426F756E6473206865696768743D222D312E30222077696474683D222D312E302220783D222D312E302220793D222D312E30222F3E0A20202020202020203C2F62706D6E64693A42504D4E4C6162656C3E0A2020202020203C2F62706D6E64693A42504D4E456467653E0A2020202020203C62706D6E64693A42504D4E456467652062706D6E456C656D656E743D2273715F63616E63656C222069643D2242504D4E456467655F73715F63616E63656C2220736F75726365456C656D656E743D226578636C757369766567617465776179312220746172676574456C656D656E743D22656E645F6576656E74223E0A20202020202020203C6F6D6764693A776179706F696E7420783D223239312E302220793D223232302E30222F3E0A20202020202020203C6F6D6764693A776179706F696E7420783D223231392E302220793D223232302E30222F3E0A20202020202020203C6F6D6764693A776179706F696E7420783D223231392E302220793D223430302E30222F3E0A20202020202020203C6F6D6764693A776179706F696E7420783D223231392E302220793D223537372E30222F3E0A20202020202020203C6F6D6764693A776179706F696E7420783D223239302E302220793D223537362E30222F3E0A20202020202020203C62706D6E64693A42504D4E4C6162656C3E0A202020202020202020203C6F6D6764633A426F756E6473206865696768743D222D312E30222077696474683D222D312E302220783D222D312E302220793D222D312E30222F3E0A20202020202020203C2F62706D6E64693A42504D4E4C6162656C3E0A2020202020203C2F62706D6E64693A42504D4E456467653E0A2020202020203C62706D6E64693A42504D4E456467652062706D6E456C656D656E743D2273715F746F5F626F7373222069643D2242504D4E456467655F73715F746F5F626F73732220736F75726365456C656D656E743D226578635F677761795F6D616E2220746172676574456C656D656E743D22626F73735461736B223E0A20202020202020203C6F6D6764693A776179706F696E7420783D223330332E302220793D223337322E30222F3E0A20202020202020203C6F6D6764693A776179706F696E7420783D223330332E302220793D223430302E30222F3E0A20202020202020203C62706D6E64693A42504D4E4C6162656C3E0A202020202020202020203C6F6D6764633A426F756E6473206865696768743D2231342E30222077696474683D2236312E302220783D223233372E302220793D223337392E30222F3E0A20202020202020203C2F62706D6E64693A42504D4E4C6162656C3E0A2020202020203C2F62706D6E64693A42504D4E456467653E0A2020202020203C62706D6E64693A42504D4E456467652062706D6E456C656D656E743D2273715F6D616E5F6E6F222069643D2242504D4E456467655F73715F6D616E5F6E6F2220736F75726365456C656D656E743D226578635F677761795F6D616E2220746172676574456C656D656E743D227375626D69745461736B223E0A20202020202020203C6F6D6764693A776179706F696E7420783D223239302E302220793D223335392E30222F3E0A20202020202020203C6F6D6764693A776179706F696E7420783D223137382E302220793D223335392E30222F3E0A20202020202020203C6F6D6764693A776179706F696E7420783D223137382E302220793D223236312E30222F3E0A20202020202020203C6F6D6764693A776179706F696E7420783D223137382E302220793D223134372E30222F3E0A20202020202020203C6F6D6764693A776179706F696E7420783D223235352E302220793D223134372E35222F3E0A20202020202020203C62706D6E64693A42504D4E4C6162656C3E0A202020202020202020203C6F6D6764633A426F756E6473206865696768743D2231342E30222077696474683D2236302E302220783D223134312E302220793D223234322E30222F3E0A20202020202020203C2F62706D6E64693A42504D4E4C6162656C3E0A2020202020203C2F62706D6E64693A42504D4E456467653E0A202020203C2F62706D6E64693A42504D4E506C616E653E0A20203C2F62706D6E64693A42504D4E4469616772616D3E0A3C2F646566696E6974696F6E733E0A, 0);
INSERT INTO `act_ge_bytearray` VALUES ('3403', 1, 'leaveBill.png', '3401', 0xEFBFBD504E470D0A1A0A0000000D494844520000057600000258080200000049EFBFBD296B00004BEFBFBD4944415478EFBFBDEFBFBDEFBFBD7FEFBFBD1CEFBFBD5D3FEFBFBD0B49EFBFBD23EFBFBDEFBFBD210A3E10EFBFBD05EFBFBDEFBFBD49407CEFBFBDEFBFBD62EFBFBD0AEFBFBDEFBFBDEFBFBD0FEFBFBD1F2751EFBFBD077FEFBFBD2B21EFBFBD44152542082EEFBFBDD688364408EFBFBDEFBFBD7EEFBFBDEFBFBD23EFBFBD04EFBFBD4355EFBFBDEFBFBDEFBFBDEFBFBD07EFBFBDEFBFBD23EFBFBDEFBFBD6912EFBFBD69EFBFBDEFBFBDEFBFBDEFBFBDCDB54EC2B5EFBFBDEFBFBD2DEFBFBDEFBFBDEFBFBD7DEFBFBDEFBFBDEFBFBD36EFBFBDEFBFBDEFBFBDEFBFBDDEAE6777EFBFBDEFBFBD793CEFBFBDEFBFBDEFBFBDEFBFBDEFBFBD3BEFBFBDEFBFBDEFBFBDEFBFBD4AEFBFBDEFBFBD33EFBFBDEFBFBD2309000000406623794F00000000EFBFBDEFBFBDEFBFBD01000000EFBFBD011103000000EFBFBD032206000000EFBFBD07440C000000400FEFBFBD18000000EFBFBD1E1031000000003D2062000000007A40EFBFBD00000000EFBFBD01000000EFBFBD011103000000EFBFBD032206000000EFBFBD07440C000000400FEFBFBD18000000EFBFBD1E1031000000003D2062000000007A40EFBFBD00000000EFBFBD01000000EFBFBD011103000000EFBFBD032206000000EFBFBD07440C000000400FEFBFBD18000000EFBFBD1E1031000000003D2062000000007A40EFBFBD00000000EFBFBD01000000EFBFBD011103000000EFBFBD032206000000EFBFBD07440C000000400FEFBFBD18000000EFBFBD1E1031000000003D2062000000007A40EFBFBD00000000EFBFBD01000000EFBFBD011103000000EFBFBD032206000000EFBFBD07440C000000400FEFBFBD18000000EFBFBD1E1031000000003D2062000000007A40EFBFBD00000000EFBFBD01000000EFBFBD011103000000EFBFBD032206000000EFBFBD07440C000000400FEFBFBD18000000EFBFBD1E1031000000003D2062000000007A40EFBFBD00000000EFBFBD01000000EFBFBD011103000000EFBFBD032206000000EFBFBD07440C000000400FEFBFBD18000000EFBFBD1E1031000000003D2062000000007A40EFBFBD00000000EFBFBD01000000EFBFBD011103000000EFBFBD0322060842EFBFBD5A5D5C5CDCB76FEFBFBDEFBFBDEFBFBDEFBFBDD4ABEFBFBDEFBFBDEFBFBD6BEFBFBD2C2C2C542AEFBFBDEFBFBD27080000EFBFBD051103EFBFBD6C7171717A7A7A747474666666DFBE7D77EFBFBDEFBFBDEFBFBDEFBFBD0E7EEFBFBD3EEFBFBDEFBFBDEFBFBDEFBFBDEFBFBDEFBFBD7DEFBFBDEFBFBDEFBFBD6363633B76EC989FEFBFBDEFBFBD7BEFBFBD0000002DEFBFBD18203747EFBFBD1CEFBFBDEFBFBDEFBFBDEFBFBDEFBFBDEFBFBDEFBFBDEFBFBDEFBFBD7BCFACEFBFBD6D3F1EEFBFBDEFBFBD67EFBFBDEFBFBD7DEFBFBDEFBFBDEFBFBDEFBFBDEFBFBDEFBFBD72EFBFBD13070000482162EFBFBD7CEFBFBD76EFBFBD6DEFBFBDEFBFBDEFBFBDEFBFBD1DEFBFBDD496EFBFBDEFBFBDEFBFBDEFBFBDEFBFBDC38777EFBFBDEFBFBD79EFBFBD3756EFBFBDD5BCEFBFBD000000EFBFBD35440C3068EFBFBD6A757676766E6EEFBFBDEFBFBD7061EFBFBDEFBFBD7F1FEFBFBDEFBFBDEFBFBDEFBFBDEFBFBDEFBFBDEFBFBD5ADEBB020000EFBFBD5D220618EFBFBD6AEFBFBDEFBFBD63C78EEFBFBDEFBFBDEFBFBD4BEFBFBD17363E3751EFBFBDEFBFBDEFBFBDEFBFBD6AEFBFBD3B040000EFBFBD1D220618EFBFBDEFBFBDEFBFBDEFBFBDEFBFBDEFBFBDEFBFBDC6872676EFBFBDEFBFBDEFBFBD131300004020440C3038EFBFBDEFBFBD765BEFBFBDEFBFBD4734EFBFBD3BEFBFBDEFBFBDEFBFBDEFBFBDEFBFBD4CDEBB05000070EFBFBDEFBFBD0106EFBFBDC89123EFBFBDEFBFBDEFBFBD3DEFBFBD17EFBFBDEFBFBDEFBFBD7CEFBFBDEFBFBDDF9EEFBFBDEFBFBD010000EFBFBD1860502627271F7AEFBFBD70EFBFBD23EFBFBD63EFBFBD3C7BEFBFBD35251FEFBFBD000000722762EFBFBD41585C5CEFBFBDEFBFBDEFBFBDEFBFBD79EFBFBD501FEFBFBD79EFBFBDEFBFBDEFBFBDDFBF3FEFBFBD5D040000EFBFBD4EEFBFBD00EFBFBD30353575EFBFBDEFBFBD4FEFBFBD296238EFBFBDCCB3EFBFBDEFBFBDEFBFBD79EFBFBD22000050742206EFBFBD4AEFBFBD323636D6A77CEFBFBD3EEFBFBDEFBFBDEFBFBDEFBFBD43EFBFBD0EE5BDA3000040EFBFBDEFBFBD18EFBFBDEFBFBDEFBFBDEFBFBDEFBFBDEFBFBDEFBFBD725F23EFBFBD0FEFBFBD7AEFBFBDEFBFBDEFBFBD5CEFBFBD3B0A000014EFBFBDEFBFBD01EFBFBDEFBFBDEFBFBD1B6FEFBFBDEFBFBDEFBFBDEFBFBDEFBFBD1A31EFBFBD77EFBFBD5353535379EFBFBD28000050682206EFBFBDEFBFBDEFBFBDEFBFBDEFB9B7EFBFBD11EFBFBD5347EFBFBD5E734D29EFBFBD1D0500000A4DEFBFBD007DD7A7EFBFBDEFBFBDEFBFBD3C5E3C796A747434EFBFBD1D0500000A4DEFBFBD007D373E3E7EEFBFBD67EFBFBD1A31EFBFBDEFBFBDC888EFBFBD330000EFBFBD273D09EFBFBDEFBFBDEFBFBDEFBFBDEFBFBD171F7F5CEFBFBD000000EFBFBD4D4F027D37353575EFBFBDEFBFBD4FEFBFBD5B0C000040EFBFBD440CEFBFBD77EFBFBD72EFBFBDEFBFBD0307EFBFBD1A313CEFBFBDEFBFBD5E7FEFBFBDEFBFBD79EFBFBD28000050682206EFBFBDEFBFBDEFBFBDEFBFBDEFBFBDEFBFBD3DEFBFBDEFBFBDD788EFBFBD0307EFBFBDEFBFBD7D47EFBFBD3B0A000014EFBFBDEFBFBD01EFBFBD6E7575EFBFBD542AEFBFBD3562D8BD7BEFBFBDEFBFBDEFBFBD52EFBFBD3B0A000014EFBFBDEFBFBD0106EFBFBDEFBFBD7FEFBFBDEFBFBDC593EFBFBDEFBFBDEFBFBDC6AAEFBFBD6AEFBFBD7B09000014EFBFBDEFBFBD0106EFBFBDEFBFBDEFBFBDEFBFBDEFBFBDEFBFBD0F7EEFBFBDEFBFBDEFBFBD77110000283A11030C42EFBFBD5A2DEFBFBD4AC79E79EFBFBD1FEFBFBD305C734D696D6D2DEFBFBD5D040000EFBFBD4EEFBFBD0003EFBFBDEFBFBDEFBFBDEFBFBDEFBFBD3D7B5CEFBFBD000000EFBFBD4AEFBFBD00EFBFBDEFBFBD6BEFBFBDEFBFBDEFBFBD77EFBFBDEFBFBDEFBFBD1EEFBFBD0B5F7CEFBFBDEFBFBDEFBFBDDBB7EFBFBD78EFBFBD54EFBFBD7B0600002062EFBFBD01EFBFBD542AEFBFBD5F7F7DEFBFBDEFBFBDEFBFBDEFBFBDEFBFBDEFBFBD4F6CDFBEEFBFBDEFBFBDEFBFBD47EFBFBDEFBFBD2D0000EFBFBD0B440C30502B2B2BEFBFBD5F7FEFBFBD5347EFBFBD66EFBFBD177EEFBFBDEFBFBD7FEFBFBDEFBFBD7BEFBFBDEFBFBD7BEFBFBD000000EFBFBD43EFBFBD00EFBFBD76EFBFBDC891EFBFBDDBB73FEFBFBDEFBFBD66EFBFBD7CEFBFBDEFBFBDEFBFBD5F2F5F000000EFBFBD2262EFBFBD1C542AEFBFBDEFBFBD3B77EFBFBDEFBFBDEFBFBDEFBFBD3BEFBFBDEFBFBDEFBFBDEFBFBDC285174FEFBFBDEFBFBDEFBFBD0F7EEFBFBDEFBFBD69EFBFBDEFBFBD77020000EFBFBD35440CEFBFBDEFBFBD6AEFBFBDEFBFBDEFBFBDEFBFBDEFBFBDEFBFBDEFBFBD6B27EFBFBDEFBFBD1F7CEFBFBDEFBFBD4EEFBFBD3B0E1CEFBFBD3DEFBFBD3DEFBFBDEFBFBDEFBFBDEFBFBDCF9FEFBFBD7BEFBFBD000000EFBFBD440CEFBFBDEFBFBDEFBFBDEFBFBDEFBFBDEFBFBD6FEFBFBD796C6CEFBFBDEFBFBD7EEFBFBDEFBFBDEFBFBD3870E0A1870F37EFBFBD0AEFBFBD7B3EEFBFBDEFBFBDEFBFBDEFBFBD7BEFBFBDEFBFBD1EEFBFBD77EFBFBD3B565757EFBFBD320000403A1103EFBFBD5AEFBFBD2E2E2EEFBFBDEFBFBDEFBFBDEFBFBDDBB7EFBFBDEFBFBD56ED9EB7EFBFBDD9B3EFBFBDEFBFBD50EFBFBD54EFBFBD260000403B22060851EFBFBD5CEFBFBD7B0A000000EFBFBD113140EFBFBD4646EFBFBD370100EFBFBD21EFBFBDEFBFBDEFBFBD10EFBFBD180000EFBFBDEFBFBDEFBFBDEFBFBDEFBFBD10EFBFBD180000EFBFBDEFBFBDEFBFBDEFBFBDEFBFBD10EFBFBD180000EFBFBDEFBFBDEFBFBDEFBFBDEFBFBD10EFBFBD180000EFBFBDEFBFBDEFBFBDEFBFBDEFBFBD10EFBFBD180000EFBFBDEFBFBDEFBFBDEFBFBDEFBFBD10EFBFBD180000EFBFBDEFBFBDEFBFBDEFBFBDEFBFBD10EFBFBD180000EFBFBDEFBFBDEFBFBDEFBFBDEFBFBD10EFBFBD180000EFBFBDEFBFBDEFBFBDEFBFBDEFBFBD10EFBFBD180000EFBFBDEFBFBDEFBFBDEFBFBDEFBFBD10EFBFBD180000EFBFBDEFBFBDEFBFBDEFBFBDEFBFBD10EFBFBD180000EFBFBDEFBFBDEFBFBDEFBFBDEFBFBD10EFBFBD180000EFBFBDEFBFBDEFBFBDEFBFBDEFBFBD10EFBFBD180000EFBFBDEFBFBDEFBFBDEFBFBDEFBFBD10EFBFBD180000EFBFBDEFBFBDEFBFBDEFBFBDEFBFBD502C2C2CEFBFBDEFBFBDEFBFBDEFBFBDEFBFBDEFBFBD4E4E4EEFBFBD6EEFBFBDEFBFBDEFBFBDEFBFBDEFBFBDEFBFBDEFBFBDEFBFBD575656EFBFBD1A0000EFBFBDEFBFBD440C10EFBFBDEFBFBDEFBFBD6BEFBFBDC9AE5DEFBFBD161717EFBFBD1A0000EFBFBDEFBFBD440C10EFBFBD6AEFBFBD7AEFBFBD55576DEFBFBD17EFBFBDEFBFBDEFBFBDEFBFBDEFBFBDEFBFBD4AEFBFBDEFBFBDEFBFBDEFBFBD000000EFBFBD2662EFBFBDEFBFBDEFBFBD72EFBFBD2D575C71EFBFBD46EFBFBD70EFBFBD4D37EFBFBDEFBFBDEFBFBDEFBFBD3D290000EFBFBDEFBFBDEFBFBD18202CDBB66DEFBFBDEFBFBD0B7BEFBFBDEFBFBD29EFBFBD4AEFBFBD6A35EFBFBD190100007444EFBFBD0061EFBFBDEFBFBDEFBFBDEFBFBDEFBFBDEFBFBDEFBFBDCA91EFBFBDEFBFBDEFBFBDEFBFBD697FEFBFBD0100001822220608EFBFBD0D37EFBFBD50EFBFBD18EFBFBD0800004017440C10EFBFBDEFBFBDEFBFBDEFBFBDEFBFBDEFBFBD11EFBFBD550900000C171103EFBFBD6864EFBFBD7B1300001832EFBFBD18EFBFBDEFBFBD6AEFBFBDEFBFBDEFBFBDEFBFBD303B3B3B3535552AEFBFBD46EFBFBDEFBFBDEFBFBDEFBFBD15EFBFBDEFBFBDEFBFBDEFBFBDEFBFBDEFBFBDEFBFBDEFBFBDEFBFBD000040EFBFBD440CEFBFBD1D4B4B4BEFBFBDEFBFBD7A7676EFBFBD231FEFBFBDEFBFBD7D070F3E75EFBFBDEFBFBDEFBFBDEFBFBD62EFBFBDDABEEFBFBD56EFBFBDEFBFBD3BEFBFBDDCBB776F6D4DEFBFBDEFBFBDEFBFBDEFBFBD3E380000EFBFBD1010314052EFBFBD54EFBFBDEFBFBDEFBFBDEFBFBDDDBBEFBFBD3D73EFBFBDEFBFBDEFBFBD1963EFBFBD38EFBFBDEFBFBDEFBFBD7BEFBFBDEFBFBD16676D6D2DEFBFBD03050000044DEFBFBD40EFBFBD552AEFBFBDEFBFBDEFBFBDEFBFBD3B0EEFBFBDD399EFBFBDEFBFBD46EFBFBD71EFBFBD3D775F7FEFBFBDEFBFBDEFBFBDEFBFBDEFBFBD791F2E0000205C2206EFBFBDEFBFBD5C2E5FEFBFBD175E31DA8FEFBFBD0E7E72EFBFBDEFBFBD5FEFBFBDEFBFBD70010000EFBFBD123150684B4B4BEFBFBD77EFBFBD75EFBFBD6CEFBFBDEFBFBD64EFBFBDEFBFBD1FEFBFBDEFBFBDEFBFBDEFBFBDEFBFBD3FEFBFBD060000044AEFBFBD407155EFBFBDEFBFBD52EFBFBDEFBFBDCCB3EFBFBDEFBFBD675F363A19274F7D6BEFBFBDEFBFBDEFBFBD565656EFBFBD3E74000040EFBFBD440C14EFBFBDEFBFBDEFBFBD7CEFBFBD5C5E3FEFBFBDEFBFBDEFBFBDEFBFBD35EFBFBD2B1D7EEFBFBDEFBFBDEFBFBD67156AEFBFBD7AEFBFBDEFBFBDEFBFBDEFBFBDEFBFBD7DEFBFBD0000EFBFBD10EFBFBD1828EFBFBDEFBFBDEFBFBDEFBFBD3B3FEFBFBDEFBFBDEFBFBDEFBFBD17DEBAEFBFBD7FEFBFBDEFBFBD6BEFBFBD27D7932FEFBFBD4E1E3DEFBFBD3C74EFBFBDEFBFBDEFBFBDEFBFBD7DEFBFBD3FEFBFBDEFBFBDEFBFBDEFBFBDEFBFBD24EFBFBD534D3E5F4D1E7829EFBFBDEFBFBD2BEFBFBDEFBFBD3EEFBFBDEFBFBD3B6F7C57EFBFBDEFBFBD7E2EEFBFBDEFBFBDC387262727EFBFBD3E74000040EFBFBD440C14EFBFBDEFBFBDEFBFBDEFBFBDEFBFBD3FEFBFBD7EEFBFBD547DEFBFBDEFBFBDEFBFBDEFBFBD4CEFBFBD53EFBFBD6FEFBFBD4D5E38EFBFBDEFBFBDEFBFBD24EFBFBDEFBFBDEFBFBDEFBFBD1BEFBFBDEFBFBDEFBFBDEFBFBDEFBFBDD69967D79363EFBFBDEFBFBD63EFBFBD24EFBFBDEFBFBDE4A9B3EFBFBD473FEFBFBDEFBFBDEFBFBD0B194E1570EFBFBD3C7562747434EFBFBD43070000EFBFBD48EFBFBD4071EFBFBDEFBFBDEFBFBD3D7FEFBFBDEFBFBDEFBFBDEFBFBD27EFBFBD636464EFBFBD73EFBFBDEFBFBD73177E75EFBFBDEFBFBDEFBFBD7F3F7EEFBFBD7FEFBFBDEFBFBD4FEFBFBDCC9F7CEFBFBDEFBFBD26C98B67EFBFBD6FEFBFBD272FEFBFBD27EFBFBD24EFBFBDEFBFBD5FEFBFBD1831EFBFBD2CEFBFBDEFBFBD7BEFBFBD070E000008EFBFBD56EFBFBDEFBFBD1813EFBFBDEFBFBD316A3FEFBFBD3AEFBFBDEFBFBD78393973EFBFBD3B0FEFBFBD542A7FEFBFBDEFBFBDEFBFBD7FEFBFBD5F7EEFBFBDEFBFBD736BEFBFBD1FEFBFBDEFBFBD27672E460FEFBFBD7DEFBFBDD186EFBFBD166AEFBFBD180000EFBFBD545A05EFBFBDEFBFBD624CEFBFBD7F1BEFBFBD42EFBFBD702E39EFBFBD52EFBFBDEFBFBD7AEFBFBDEFBFBD397D7AEFBFBDEFBFBD6B47462E1F19197DEFBFBD6FEFBFBDEFBFBDEFBFBDC4870E3FEFBFBDEFBFBDEFBFBD420D11030000EFBFBD4AEFBFBD40715DEFBFBD09EFBFBDEFBFBD31EFBFBD1FEFBFBD38EFBFBD72EFBFBDDC8BEFBFBD375F491E7AEFBFBDEFBFBDDBB66DEFBFBDEFBFBDEFBFBDEFBFBD7DEFBFBD1BEFBFBD38EFBFBD5BEFBFBDEFBFBD181E7CEFBFBD70EFBFBD730B35440C0000402AEFBFBD02EFBFBD753126EFBFBD6CEFBFBDDA8F2FEFBFBD4F5EEFBFBD5EEFBFBDEFBFBDEFBFBDEFBFBD2BEFBFBDEFBFBD07577E76EFBFBDEFBFBDEFBFBDEFBFBDEFBFBD3FEFBFBDEFBFBDEFBFBDEFBFBD7FEFBFBDEFBFBD2B4972EFBFBD74EFBFBDEFBFBDEFBFBD0B4F7CEFBFBDD0830DEFBFBD2DEFBFBD1031000000EFBFBDEFBFBD0A1457EFBFBD553E7BEFBFBD5B1BEFBFBDEFBFBD39EFBFBD7CEFBFBDC29F75EFBFBDD699EFBFBD17EFBFBD3FEFBFBDEFBFBDEFBFBDEFBFBDEFBFBD7BEFBFBD5FEFBFBDEFBFBD6FEFBFBD4EEFBFBD514DEFBFBD594D4EEFBFBD4E4E27EFBFBD03EFBFBD7FEFBFBDE1B9851A2206000020EFBFBD56EFBFBDEFBFBD6AEFBFBD09EFBFBD76EFBFBDEFBFBDC297EFBFBD7CE8B1954347563E7378EFBFBD33EFBFBD3CEFBFBDEFBFBD2F1CEFBFBDEFBFBDEFBFBDEFBFBDEFBFBDC79EEFBFBDEFBFBDEFBFBD13EFBFBD7DEFBFBD2BEFBFBD79EFBFBD2BEFBFBD1E7DEFBFBD27EFBFBDEFBFBDEFBFBD7F38EFBFBDEFBFBD3D6FCFBDEFBFBD173100000041EFBFBD2A505C1723EFBFBD1736EFBFBD77EFBFBDEFBFBD5D231DEFBFBDEFBFBDEFBFBDEFBFBDEFBFBDE189851A2206000020EFBFBD56EFBFBDEFBFBD1831EFBFBD30EFBFBD1D2206000020EFBFBD56EFBFBDEFBFBD1031EFBFBD7BEFBFBDEFBFBD76EFBFBD180000EFBFBD545A05EFBFBDEFBFBD62EFBFBD70EFBFBDEFBFBD76EFBFBD180000EFBFBD545A05EFBFBDEFBFBD62EFBFBDEFBFBD4DEFBFBDEFBFBD216200000052691528EFBFBDEFBFBD11EFBFBD37EFBFBD6EEFBFBDEFBFBD01000048EFBFBD5520720B0B0BEFBFBDEFBFBDEFBFBDEFBFBDEFBFBDEFBFBD1831EFBFBD19DD8E561143EFBFBDEFBFBD060000EFBFBD40EFBFBD40CC9E78EFBFBDEFBFBDEFBFBD4CEFBFBDEFBFBDEFBFBDEFBFBDEFBFBDEFBFBDEFBFBD3B1B7E2B62EFBFBD49EFBFBD50EFBFBD547EEFBFBD7EEFBFBDEFBFBDEFBFBD3FEFBFBDEFBFBD3F2C650000EFBFBDEFBFBD123110EFBFBD6AEFBFBDEFBFBD3DEFBFBDEFBFBD3DEFBFBDEFBFBDEFBFBDEFBFBD2BEFBFBDEFBFBDEFBFBDEFBFBDEFBFBDEFBFBD0DEFBFBDC588EFBFBD7FEFBFBD3136EFBFBD3CEFBFBD5A6D1EEFBFBDEFBFBD06EFBFBDEFBFBDD9BF3D6A78EFBFBDEFBFBD35EFBFBDEFBFBDEFBFBDEFBFBD474747EFBFBD7B57EFBFBD313E3EEFBFBDEFBFBDEFBFBDEFBFBDC3910600000220622072EFBFBDEFBFBD7773EFBFBDEFBFBDEFBFBDEFBFBDEFBFBDEFBFBDEFBFBDEFBFBDDBBF5DEFBFBD56EFBFBDEFBFBD11C3B973EFBFBDEFBFBD636C6C79EFBFBD4BEFBFBD7AEFBFBD4EEFBFBDEFBFBDEFBFBDEFBFBD232DEFBFBD6FEFBFBD6AEFBFBDEFBFBDEFBFBDEFBFBDEFBFBD3FEFBFBDEFBFBDEFBFBD5F6EC78E1DEFBFBD5229EFBFBD030E0000EFBFBD46EFBFBD40776AEFBFBDEFBFBDEFBFBDEFBFBDEFBFBD7DEFBFBDEFBFBD5E55EFBFBD2A5BEFBFBDEFBFBDEFBFBD3B77EFBFBDEFBFBD7EEFBFBDEFBFBD2DEFBFBDEFBFBD5CEFBFBDEFBFBDEFBFBDEFBFBD69EFBFBD6FEFBFBD1A5EEFBFBD76EFBFBD2F79EFBFBD63557B236CEFBFBD296A6FEFBFBDEFBFBDEFBFBDEFBFBD4AEFBFBDEFBFBDEFBFBDEFBFBD150000064AEFBFBD40EFBFBDEFBFBDEFBFBDEFBFBD676666464747EFBFBD1DEFBFBDEFBFBD02EFBFBDEFBFBDEFBFBD1BEFBFBDEFBFBDEFBFBDEFBFBD2670EFBFBDEFBFBDEFBFBD575656EFBFBDEFBFBD5CEFBFBDEFBFBD4C6F4773EFBFBDEFBFBD57EFBFBD6E6AEFBFBDDB9DEFBFBD6E3FEFBFBDEFBFBDEFBFBD7AEFBFBDEFBFBDEFBFBDEFBFBDEFBFBDEFBFBDEFBFBD3FEFBFBD633FEFBFBDEFBFBD7FEFBFBDEFBFBD272727EFBFBD3EE0B9A92DEFBFBDC69BEFBFBDEFBFBD06EFBFBDEFBFBDEFBFBD1E1B1BEFBFBDEFBFBD6CEFBFBDEFBFBDEFBFBD794F0D00000644EFBFBDEFBFBDEFBFBDEFBFBDEFBFBDEFBFBDEFBFBDEFBFBD6F76E89AA54AEFBFBD52EFBFBD7E2726267EEFBFBD777EEFBFBDEFBFBDEFBFBDEFBFBDEFBFBDEFBFBDEFBFBD6F2FEFBFBDEFBFBDEFBFBDEFBFBD3136EFBFBDEFBFBDEFBFBDEFBFBDEFBFBD3FEFBFBDEFBFBD76EFBFBDEFBFBD366CEFBFBDEFBFBD53EFBFBD374636EFBFBD2DEFBFBDEFBFBDEFBFBDEFBFBD6BEFBFBDEFBFBDEFBFBD477FEFBFBD47EB93B9EAAAABEFBFBD1F42EFBFBDEFBFBD1EEFBFBD4D4E4EEFBFBD532D0000EFBFBDEFBFBDEFBFBDEFBFBD2DEFBFBD7AEFBFBD5A675EEFBFBDEFBFBDC8A5EFBFBDEFBFBDD7BE363A3A3A3D3D5D2AEFBFBDEFBFBDEFBFBDEFBFBD1A2E5CEFBFBDD8907FEFBFBD1FEFBFBDEFBFBD2D373FEFBFBDEFBFBD36EFBFBDEFBFBD373C65CB87EFBFBD7CEFBFBD362F63EFBFBD5ADDB76FDF8FEFBFBDEFBFBDEFBFBDEFBFBD1AEFBFBDDABF47EFBFBD1C19EFBFBD411E02EFBFBD35EFBFBD2DEFBFBDEFBFBD780B0000EFBFBD2462EFBFBDEFBFBDEFBFBDEFBFBDC5A9EFBFBDEFBFBDEFBFBDEFBFBD48796D17EFBFBDEFBFBDEFBFBD533FEFBFBDEFBFBDEFBFBD26EFBFBD55EFBFBDEFBFBD100D34EFBFBD05EFBFBDEFBFBDC396EFBFBDEFBFBDEFBFBD3EEFBFBD5A73EFBFBD50575BEFBFBDEFBFBD3A0FEFBFBD752E0353EFBFBD566767676B4BEFBFBDEFBFBD440000EFBFBDEFBFBD440CEFBFBD546B1A272727EFBFBD3A5F68EFBFBD621FEFBFBDEFBFBDDE8E4D51EFBFBD6BEFBFBD6CEFBFBDEFBFBD560FEFBFBD7CE796B7D3B2EFBFBD1EEFBFBDEFBFBDEFBFBD17EFBFBDEFBFBDEFBFBD0DEFBFBD6AEFBFBD3A353575EFBFBDD0A1EFBFBD27020000EFBFBDEFBFBD55EFBFBDEFBFBD1D3B76EFBFBDEFBFBD0E5DEFBFBDEFBFBDCFAFEFBFBD636C6CEFBFBD7EEFBFBD6D7FEFBFBD0737EFBFBDEFBFBDEFBFBD13102D5E68EFBFBD6DEFBFBD6AEFBFBDEFBFBD3E74EFBFBD6A7575756262C29FEFBFBD000020565A05EFBFBD2D2E2EEFBFBDEFBFBDEFBFBDEFBFBD3DEFBFBDEFBFBDEFBFBDD8873FDD8FEFBFBDEFBFBDEFBFBDEFBFBDEFBFBD362FEFBFBDEFBFBD01EFBFBDEFBFBDEFBFBDEFBFBD765A0CD1975DEFBFBDEFBFBD56DE876EEFBFBDEFBFBD7CEFBFBDEFBFBDEFBFBDEFBFBDEFBFBDEFBFBD7B160000EFBFBD175A05EFBFBD4D4F4F2F2D2DEFBFBD3DEFBFBDEFBFBDEFBFBDD8877FEFBFBD1F6363EFBFBDEFBFBD1BEFBFBD2FEFBFBD6A10EFBFBDEFBFBD63EFBFBD0DEFBFBDEFBFBD48EFBFBD03EFBFBDEFBFBD6BEFBFBDEFBFBDEFBFBD7DEFBFBDEFBFBDEFBFBDEFBFBDEFBFBDEFBFBDEFBFBD44DEB30000EFBFBDEFBFBDEFBFBD2AEFBFBD626D6D6D7C7C3CEFBFBD59EFBFBDEFBFBDEFBFBD3EEFBFBD68EFBFBDC7AB6DEFBFBDD18D7F5F7B71EFBFBD771FEFBFBDEFBFBDEFBFBDEFBFBDEFBFBD7A7CEFBFBD03EFBFBD6CEFBFBD573BEFBFBDEFBFBDEFBFBD1B6EEFBFBD7F040900EFBFBDEFBFBDEFBFBD2AEFBFBDEFBFBD08EFBFBDEFBFBD48EFBFBD13313C65743B440C19EFBFBDEFBFBD040000EFBFBDEFBFBD2AEFBFBDEFBFBD202DEFBFBDC588EFBFBD49EFBFBDEFBFBD2162C8A820111E000005EFBFBD5520EFBFBDEFBFBDEFBFBDEFBFBDEFBFBDEFBFBD72DEB3EFBFBD3B11EFBFBDEFBFBD2117EFBFBD1C030000EFBFBDEFBFBD2AEFBFBDEFBFBD20EFBFBD15EFBFBDEFBFBDEFBFBDEFBFBDEFBFBD3F61743B440C19EFBFBDEFBFBDEFBFBDEFBFBD4AEFBFBDEFBFBD67010000EFBFBDEFBFBD552045EFBFBDEFBFBDEFBFBD754179CFA2EFBFBD2E460C5F31EFBFBD1D22EFBFBDEFBFBD2100005152EFBFBD626C6CEFBFBD52EFBFBDEFBFBD3DEFBFBDEFBFBDEFBFBD1831EFBFBD18EFBFBD0EEFBFBD7176EFBFBD1000EFBFBD2829734951EFBFBDEFBFBDEFBFBD62EFBFBDEFBFBD65EFBFBDEFBFBD51EFBFBDD3A3EFBFBDEFBFBD2100005152E692A220EFBFBDEFBFBDEFBFBDEFBFBDEFBFBDEFBFBD2F3F72EFBFBDEFBFBDEFBFBDEFBFBDEFBFBD46414EEFBFBDEFBFBDEFBFBDEFBFBD00004449EFBFBD4BEFBFBDEFBFBDEFBFBD3FEFBFBD52EFBFBDEFBFBDEFBFBDEFBFBDEFBFBDEFBFBDC78DEFBFBD46414EEFBFBDEFBFBDEFBFBDEFBFBD00004449EFBFBD4BEFBFBDEFBFBDEFBFBD3FEFBFBDEFBFBDD39F58EFBFBDEFBFBD7CEFBFBD45EFBFBDEFBFBDEFBFBDE5958FEFBFBDEFBFBDEFBFBDEFBFBD0AEFBFBD160300EFBFBD68EFBFBDEFBFBDEFBFBD2848EFBFBD73EFBFBD6DEFBFBDEFBFBDEFBFBDEFBFBD76EFBFBD4DEFBFBD70EFBFBD7FEFBFBDEFBFBD40EFBFBD5CEFBFBDEFBFBDEFBFBD0DEFBFBDEFBFBDEFBFBDEFBFBD0000281A652E290AEFBFBDEFBFBDEFBFBDEFBFBDEFBFBD4E4CEFBFBDEFBFBDEFBFBDD587EFBFBD27EFBFBD191DEFBFBDEFBFBDEFBFBD1B161717EFBFBD3E7443EFBFBD206F310000EFBFBD46EFBFBD4BEFBFBDEFBFBDEFBFBD3FEFBFBD2EEFBFBDEFBFBD7CEFBFBD05EFBFBDEFBFBDEFBFBD6F0B7F313B3BEFBFBDEFBFBD41EFBFBD4171EFBFBD62000014EFBFBD32EFBFBD14EFBFBDEFBFBD7FEFBFBDEFBFBDEFBFBDEFBFBDD49B0F1DEFBFBDEFBFBD2479EFBFBD683FEFBFBDEFBFBD0E4E4CEFBFBD44EFBFBDEFBFBD40EFBFBD072D06EFBFBD79EFBFBD01005028EFBFBD5C5214EFBFBDEFBFBD595959EFBFBDEFBFBDEFBFBD7665653149EFBFBD18EFBFBDEFBFBDEFBFBDEFBFBDEFBFBDEFBFBDEFBFBD372F2FEFBFBD53DE872B12EFBFBD7AEFBFBD0100501CEFBFBD5C5214EFBFBDEFBFBD3974EFBFBDEFBFBDEFBFBDE4B5B7EFBFBDEFBFBDEFBFBD49EFBFBDEFBFBD3C16173F3831515A5EEFBFBDC7BC0F543CEFBFBDEFBFBD160300EFBFBD20EFBFBDEFBFBDEFBFBD2860EFBFBD53EFBFBD56EFBFBDEFBFBDEFBFBD53536FEFBFBDEFBFBDEFBFBDD3B5EFBFBD4F26EFBFBD61EFBFBD52EFBFBDEFBFBDEFBFBDEFBFBD3FEFBFBDEFBFBDEFBFBD3D333355EFBFBDEFBFBDEFBFBD21EFBFBD4A01EFBFBD62000014EFBFBD32EFBFBD14EFBFBDEFBFBD7FEFBFBDEFBFBDEFBFBDEFBFBDEFBFBD5F1D1FEFBFBDEFBFBD114646EFBFBDEFBFBD5E3F3BEFBFBDD685EFBFBD3FEFBFBDEFBFBDEFBFBD4468EFBFBDEFBFBD6F310000EFBFBDEFBFBD25EFBFBDEFBFBD2777EFBFBD7239EFBFBD29EFBFBD47EFBFBD6200004449EFBFBD4B0AEFBFBD4FEFBFBD1CEFBFBDEFBFBD39EFBFBD00004449EFBFBD4B0AEFBFBD4FEFBFBD1CEFBFBDEFBFBD39EFBFBD00004449EFBFBD4B0AEFBFBD4FEFBFBD1CEFBFBDEFBFBD39EFBFBD00004449EFBFBD4B0AEFBFBD4FEFBFBD1CEFBFBDEFBFBD39EFBFBD00004449EFBFBD4B0AEFBFBD4FEFBFBD1CEFBFBDEFBFBD39EFBFBD00004449EFBFBD4B0AEFBFBD4FEFBFBD1CEFBFBDEFBFBD39EFBFBD00004449EFBFBD4B0AEFBFBD4FEFBFBD1CEFBFBDEFBFBD39EFBFBD00004449EFBFBD4B0AEFBFBD4FEFBFBD1CEFBFBDEFBFBD39EFBFBD00004449EFBFBD4B0AEFBFBD4FEFBFBD1CEFBFBDEFBFBD39EFBFBD00004449EFBFBD4B0AEFBFBD4FEFBFBD1CEFBFBDEFBFBD39EFBFBD00004449EFBFBD4B0AEFBFBD4FEFBFBD1CEFBFBDEFBFBD39EFBFBD00004449EFBFBD4B0AEFBFBD4FEFBFBD1CEFBFBDEFBFBD39EFBFBD00004449EFBFBD4B0AEFBFBD4FEFBFBD1CEFBFBDEFBFBD39EFBFBD00004449EFBFBD4B0AEFBFBD4FEFBFBD1CEFBFBDEFBFBD39EFBFBD00004449EFBFBD4B0AEFBFBD4FEFBFBD1CEFBFBDEFBFBD39EFBFBD00004449EFBFBD4B0AEFBFBD4FEFBFBD1CEFBFBDEFBFBD39EFBFBD00004449EFBFBD4B0AEFBFBD4F2E1616166A2B3F3A3A3A393959EFBFBD313E3E5EEFBFBDEFBFBDEAABAF5E5959EFBFBD7B6AEFBFBDEFBFBDEFBFBD1800005152EFBFBD42EFBFBDEFBFBDEFBFBDEFBFBDEFBFBD6BEFBFBDC9AE5DEFBFBD161717EFBFBD1A3DEFBFBD2D060040EFBFBDEFBFBDEFBFBDEFBFBDEFBFBDEFBFBDEFBFBD5AEFBFBD5E75EFBFBD55EFBFBDEFBFBDEBAEBB6E7C7CEFBFBD52EFBFBDEFBFBD3D357AEFBFBD5B0C00EFBFBD28297349EFBFBDEFBFBDEFBFBDEFBFBD2DEFBFBDEFBFBD72EFBFBD15576C440C37EFBFBD74EFBFBDEFBFBDEFBFBD5CDE93EFBFBDEFBFBDEFBFBDEFBFBD0000EFBFBDEFBFBD32EFBFBD14EFBFBDEFBFBD1C6DDBB6EFBFBDEFBFBD2FEFBFBDD9B3EFBFBD542A55EFBFBDD5BC6744EFBFBD79EFBFBD01001025652E29EFBFBD3F39EFBFBDEFBFBDEFBFBDEFBFBDEFBFBDEFBFBDEFBFBDEFBFBDEFBFBD21EFBFBDEFBFBDEFBFBDEFBFBD571862EFBFBD2D060040EFBFBDEFBFBDEFBFBDEFBFBDEFBFBDEFBFBDEFBFBDEFBFBD1B6EEFBFBD470C794FEFBFBD7EEFBFBD160300204AEFBFBD5C52EFBFBD7FF2B5B6B6563B04EFBFBDEFBFBD3262EFBFBD6200004449EFBFBD4B0AEFBFBD4FEFBFBD1CEFBFBDEFBFBD39EFBFBD00004449EFBFBD4B0AEFBFBD4FEFBFBD2AEFBFBD4AEFBFBD5CEFBFBD5DEFBFBD11EFBFBD160300204AEFBFBD5C52EFBFBD7F7254EFBFBD5476EFBFBDEFBFBD79C7810353535352EFBFBD5879EFBFBD01001025652E29EFBFBD3F79EFBFBDEFBFBD0B0F3D7CEFBFBDEFBFBDEFBFBDEFBFBDDABF52EFBFBD5879EFBFBD01001025652E29EFBFBD3FEFBFBDD89C2FD487EFBFBD2156EFBFBD6200004449EFBFBD4B0AEFBFBDEFBFBDEFBFBD35EFBFBD0B52EFBFBDEFBFBD79EFBFBD01001025652E29EFBFBD3F03EFBFBD2A5FEFBFBD32EFBFBDEFBFBD5B0C00EFBFBD28297349EFBFBDEFBFBD19EFBFBDEFBFBDEFBFBDEFBFBDEFBFBD214AEFBFBD6200004449EFBFBD4B0AEFBFBDEFBFBDEFBFBD74EFBFBD2F4819EFBFBDEFBFBD2D060040EFBFBDEFBFBDEFBFBDEFBFBDEFBFBDEFBFBD0C46EFBFBDEFBFBDEFBFBDEFBFBD2132EFBFBD6200004449EFBFBD4B0AEFBFBDEFBFBD0074EFBFBD2F481962EFBFBD2D060040EFBFBDEFBFBDEFBFBDEFBFBDEFBFBDEFBFBDEFBFBDDBA5EFBFBD0B52EFBFBD6878EFBFBD01001025652E29EFBFBD3F7DD59C2FEFBFBD7DCFBDEFBFBD5E3BEFBFBDEFBFBDD1A3EFBFBDEFBFBDEFBFBDEFBFBDEFBFBD4F6CDFBEEFBFBDEFBFBD0307EFBFBD0CEFBFBDEFBFBD160300204AEFBFBD5C52EFBFBD7FEFBFBD27355F181D1DEFBFBDEFBFBDEFBFBD35D794EFBFBD53EFBFBD7AEFBFBD3072EFBFBDEFBFBD211AEFBFBD6200004449EFBFBD4B0AEFBFBD4FEFBFBDEFBFBDEFBFBD17EFBFBD1A52EFBFBDEFBFBDEFBFBDEFBFBDEFBFBD2126EFBFBD6200004449EFBFBD4B0AEFBFBD4F3F34EFBFBD0B2FEFBFBD3C353E3E3EEFBFBD5A1B294373EFBFBD50333A3A7AEFBFBD67EFBFBD0CEFBFBDEFBFBD5B0C00EFBFBD28297349EFBFBDEFBFBDEFBFBD567FDFB176EFBFBDEFBFBDEFBFBD5873EFBFBD70EFBFBDEFBFBD4752EFBFBDEFBFBDEFBFBD5F7FEFBFBDEFBFBDEFBFBD1800005152EFBFBD42EFBFBDEFBFBD5BEFBFBD3F22356578EFBFBDEFBFBD5EEFBFBD49EFBFBD20651852EFBFBD6200004449EFBFBD4B0AEFBFBD4F0F75EFBFBDEFBFBDEFBFBDEFBFBD2943EFBFBDEFBFBDEFBFBDEFBFBD611879EFBFBD01001025652E29EFBFBD3FEFBFBDEFBFBD49EFBFBDEFBFBD65CAB065EFBFBD2065183AEFBFBD6200004449EFBFBD4BEFBFBD30EFBFBDEFBFBD6AEFBFBDEFBFBDEFBFBDEFBFBDEFBFBD6FDFBEEFBFBD57EFBFBD4AEFBFBD36EFBFBDEFBFBD3F04636363EFBFBD1DEFBFBDD496EFBFBD407D7C7AEFBFBDEFBFBD2EEFBFBDEFBFBDEFBFBD2D5C76EFBFBD65070EEFBFBD73EFBFBD5BEFBFBDEFBFBD566D59EFBFBD3E506C6D24C8B718000064EFBFBDEFBFBD254568EFBFBDEFBFBDEFBFBDEFBFBDEFBFBDEFBFBDEFBFBDEFBFBDEFBFBDEFBFBD68EFBFBD7FDEB76FEFBFBDEFBFBD565757EFBFBDEFBFBD16EFBFBD1C39EFBFBD73EFBFBDEFBFBDEFBFBDCF9FEFBFBD321D48EFBFBDEFBFBDEFBFBDEFBFBDEFBFBD6FEFBFBD6CEFBFBDEFBFBDEFBFBDEFBFBDEFBFBD5E31EFBFBD666BEFBFBDEFBFBDEFBFBD0000EFBFBD27EFBFBDEFBFBDEFBFBD08EFBFBDEFBFBD595B5BEFBFBD5FEFBFBDEFBFBDEFBFBDEFBFBDEFBFBDEFBFBD5C2E51272943EFBFBD7CEFBFBDC39441EFBFBD305CEFBFBD79EFBFBD0100400F2973491148EFBFBDEFBFBDEFBFBDEFBFBD343131EFBFBDEFBFBDEFBFBDEFBFBDEFBFBD44EFBFBD6AEFBFBD32EFBFBDEFBFBD0BEFBFBD5D7659EFBFBD29EFBFBD7C61EFBFBD04EFBFBD160300EFBFBDEFBFBD52EFBFBD22EFBFBDEFBFBD67717131EFBFBD3F5EEFBFBD2A6548EFBFBD17464747EFBFBDEFBFBDEFBFBD3EEFBFBDEFBFBDEFBFBD1F535306EFBFBDEFBFBD300AEFBFBD2D0600003DEFBFBDEFBFBD2545EFBFBDEFBFBDEFBFBDEFBFBDEFBFBDEFBFBDEFBFBDEFBFBD6434EFBFBD425D73EFBFBDEFBFBD2A5FEFBFBD7F7F44EFBFBD774C34EFBFBD0CEFBFBD21EFBFBDEFBFBD5B0C0000EFBFBD41EFBFBD4BEFBFBDEFBFBDEFBFBDEFBFBD1D3B761C3A7428EFBFBD39EFBFBD4373CAB077EFBFBD3B52EFBFBD56EFBFBD64EFBFBD7BEFBFBDEFBFBD174FEFBFBDEFBFBD2F0CEFBFBDEFBFBDEFBFBD620000EFBFBD0FEFBFBD5C52EFBFBDEFBFBDEFBFBD2C2E2EEFBFBDEFBFBDEFBFBDEFBFBD38EFBFBDEFBFBD6AEFBFBD3234EFBFBD0BEFBFBD29EFBFBD7C211A22060000EFBFBDEFBFBDEFBFBD2545EFBFBDEFBFBDEFBFBDEFBFBDEFBFBDEFBFBDEFBFBDEFBFBD52EFBFBD13EFBFBDD49421355FD89C32EFBFBD176222620000204AEFBFBD5C52EFBFBDEFBFBDEFBFBDEFBFBDEFBFBDEFBFBDEFBFBDEFBFBDEFBFBDEFBFBDEFBFBDEFBFBD03D39C323CEFBFBDEFBFBDEFBFBD36EFBFBD49EFBFBDEFBFBDEFBFBD1FEFBFBD2FEFBFBD44EFBFBD000040EFBFBDEFBFBDEFBFBDEFBFBDC8B1EFBFBDEFBFBDEFBFBD5312EFBFBDEFBFBDEFBFBD26EFBFBD5643EFBFBD1007110300005152EFBFBD22EFBFBDEFBFBDEFBFBDEFBFBD6FDEBF7F7F5EEFBFBD3E60DDA60CEFBFBD68EFBFBD180000EFBFBDEFBFBD32EFBFBD1439EFBFBD3FEFBFBD167A797939EFBFBD571FEFBFBDEFBFBD5306EFBFBD424C440C00004449EFBFBD4BEFBFBD1CEFBFBDEFBFBD58EFBFBDEFBFBDEFBFBDEFBFBD4E5206EFBFBD4264440C00004449EFBFBD4BEFBFBD1CEFBFBDEFBFBD52EFBFBDEFBFBDEFBFBDEFBFBDEFBFBDD7ABEFBFBD7DEFBFBD205FEFBFBDEFBFBDEFBFBD0100EFBFBD28297349EFBFBD63EFBFBD33363656EFBFBD54EFBFBD7AEFBFBD1CEFBFBD4A19EFBFBD0B51123100001025652E2972EFBFBD7FEFBFBDEFBFBD7A35EFBFBD0CEFBFBD5815EFBFBD3C07002062EFBFBD5C52EFBFBD18EFBFBD3965EFBFBD2F44EFBFBDEFBFBDEFBFBD390000EFBFBD52EFBFBD42C490EFBFBD7AEFBFBDEFBFBDEFBFBDD1A3EFBFBD39EFBFBD0100EFBFBDEFBFBD32EFBFBD1422EFBFBD7C1D3972EFBFBD542AEFBFBD1722EFBFBD3C0700204AEFBFBD5C52EFBFBD1872572EEFBFBDEFBFBD027DEFBFBD3C0700204AEFBFBD5C52EFBFBD1872671DEFBFBDEFBFBDEFBFBD0200102565EFBFBDEFBFBDEFBFBD271949D3A7EFBFBDEFBFBDEFBFBDEFBFBD03EFBFBDEFBFBDEFBFBD0E71737C0100EFBFBDEFBFBD3277686CEFBFBD24EFBFBDEFBFBDEFBFBDEFBFBD1F37DFB9EFBFBD466AEFBFBDEFBFBD6653EFBFBDEFBFBDEFBFBD5EEFBFBD66EFBFBD59EFBFBDEFBFBD39EFBFBD00004449EFBFBD3B1C521BEFBFBDEFBFBD3B5B250BEFBFBDEFBFBDEFBFBD66EFBFBD1D3E7EEFBFBD6AEFBFBDEFBFBD5E75EFBFBD216EEFBFBD2F00005152EFBFBD0EEFBFBDD4A4EFBFBDEFBFBD45697FEFBFBD41EFBFBD2D37EFBFBDEFBFBD6A0B23EFBFBD5C0DEFBFBD71670BEFBFBD3AEFBFBDEFBFBDEFBFBD0500204AEFBFBDEFBFBD21EFBFBDDCBA6F6EEFBFBD1BEFBFBD6C7F23EFBFBDEFBFBD2FEFBFBDEFBFBD576DEFBFBDDE93EFBFBD49EFBFBD55671DEFBFBDEFBFBDEFBFBD0200102565EFBFBDEFBFBD687F2D43EFBFBD06EFBFBDEFBFBDEFBFBDEFBFBDEFBFBD6D7EEFBFBDEFBFBD2AEFBFBD360FEFBFBDEFBFBD6E16EFBFBD75EFBFBDEFBFBDEFBFBD0B0040EFBFBDEFBFBDEFBFBDC3A17D58EFBFBD7CEFBFBD7DEFBFBDEFBFBD2AEFBFBD68787AEFBFBDEFBFBDEFBFBDEFBFBD49165AEFBFBD3AEFBFBD1037EFBFBD1700EFBFBD282973EFBFBD40EFBFBD04EFBFBDEFBFBD41EFBFBD3D7FEFBFBDEFBFBD21EFBFBD6E22065731EFBFBD75EFBFBDEFBFBDEFBFBD0B0040EFBFBDEFBFBDEFBFBDC3AAEFBFBDEFBFBD0CEFBFBDEFBFBD7FEFBFBD48EFBFBDEFBFBDD39B23EFBFBD3633EFBFBD42EFBFBD55671DEFBFBDEFBFBDEFBFBD0200102565EFBFBDEFBFBDEFBFBDE49A8556EFBFBD41EFBFBD0D76EFBFBD42EFBFBD4F69481C52EFBFBDEFBFBDEFBFBD345AEFBFBD3AEFBFBD1037EFBFBD1700EFBFBD282973EFBFBD406AEFBFBDDF9C2674EFBFBD41EFBFBD2D7F7B091143EFBFBD3BEFBFBDEFBFBDEFBFBDEFBFBDEFBFBD0E71737C0100EFBFBDEFBFBD3277EFBFBD6CEFBFBD1710EFBFBD7CCCA179536D5EEFBFBDEFBFBDEFBFBD363CEFBFBDEFBFBD0F5374EFBFBDEFBFBD59EFBFBD1E0DEFBFBD1037EFBFBD1700EFBFBD28297349EFBFBD63EFBFBD53EFBFBDEFBFBD6B6161EFBFBDEFBFBDEFBFBDEFBFBDEFBFBDEFBFBDEFBFBDEFBFBDEFBFBDEFBFBD1BEFBFBDEFBFBDEFBFBD7FEFBFBDEFBFBDEFBFBDEA9595EFBFBDEFBFBDEFBFBD46EFBFBD15EFBFBD3C07002062EFBFBD5C52EFBFBD187271EFBFBD5D77355F7EEFBFBD6BD7AEEFBFBDEFBFBDC5BCEFBFBD46EFBFBD15EFBFBD3C07002062EFBFBD5C52EFBFBD187251EFBFBD56EFBFBDEFBFBDEFBFBDEFBFBDEFBFBDEFBFBD75EFBFBD5D373E3E5EEFBFBD54EFBFBD1A3D56EFBFBDEFBFBD1C00EFBFBDEFBFBD2973492162EFBFBDEFBFBD2DEFBFBDEFBFBD72EFBFBD15576C440C37EFBFBD74EFBFBDEFBFBDEFBFBD5CDE93EFBFBDEFBFBD0A7EEFBFBD0300102B652E29440C39DAB66D5B3D5FD8B3674FEFBFBD54EFBFBD56EFBFBD79CF88EFBFBD73EFBFBD03001025652E29440C39EFBFBDEFBFBDEFBFBDEFBFBDEFBFBDEFBFBDEFBFBDEFBFBDEFBFBD3A4C4F4FEFBFBD2B0CEFBFBD72EFBFBD03001025652E29440CEFBFBDEFBFBDEFBFBD1BEFBFBD1143EFBFBD13EFBFBD5FEFBFBDEFBFBD00004449EFBFBD4B0A1143EFBFBDEFBFBDEFBFBDEFBFBD6AEFBFBDEFBFBD2A23EFBFBD3C0700204AEFBFBD5C52EFBFBD1872671DEFBFBDEFBFBDEFBFBD02001025652E290A1B3154EFBFBDD585EFBFBDEFBFBDEFBFBDEFBFBDD9A9EFBFBDEFBFBD52EFBFBD345254EFBFBD7DEFBFBDEFBFBDEFBFBDEFBFBDEFBFBDEFBFBDEFBFBDEFBFBDEFBFBDEFBFBDEFBFBDEFBFBD11110300003152EFBFBD22EFBFBDEFBFBD27C7975E5A5AEFBFBDEFBFBDD6B3EFBFBDEFBFBD1FEFBFBDEFBFBD47EFBFBD3B78EFBFBD47CFACEFBFBD1773EFBFBDEFBFBDEFBFBDEFBFBD0277EFBFBD79EFBFBDDEBD7B6B6B323F3FEFBFBDEFBFBD41EFBFBDEFBFBDEFBFBD0100EFBFBD2829734951EFBFBDEFBFBDEFBFBD52EFBFBDEFBFBDEFBFBDEFBFBDDDBB771F7BEFBFBDD899EFBFBD33EFBFBDEFBFBD71EFBFBDEFBFBDEFBFBD7BEFBFBDEFBFBD2DEFBFBDEFBFBDEFBFBDEFBFBDEFBFBD0F4DEFBFBD440C00004449EFBFBD4BEFBFBD42450CEFBFBD4A657272EFBFBD03EFBFBD7466EFBFBDEFBFBDEFBFBD6AEFBFBD7DEFBFBDEFBFBDEFBFBD5F7FEFBFBDEFBFBDEFBFBDEA808F4EEFBFBD440C00004449EFBFBD4BEFBFBD42450CEFBFBD72EFBFBD62EFBFBDEFBFBDEFBFBDEFBFBD7EEFBFBD77EFBFBD3B77EFBFBDC280EFBFBD4EEFBFBD440C00004449EFBFBD4BEFBFBDEFBFBD440C4B4B4BEFBFBD77EFBFBD75EFBFBD6CEFBFBDEFBFBD64EFBFBDEFBFBD1FEFBFBDEFBFBDEFBFBDEFBFBDEFBFBD7FEFBFBD07285622060000EFBFBDEFBFBDEFBFBD25454122EFBFBD6AEFBFBD5A2AEFBFBDEFBFBD797675EFBFBDEFBFBDEFBFBD4627EFBFBDEFBFBD6F6DEFBFBD7EEFBFBDEFBFBDEFBFBDEFBFBDEFBFBDEFBFBD51EFBFBD440C00004449EFBFBD4BEFBFBDEFBFBD440CEFBFBDEFBFBDEFBFBDEFBFBD7279EFBFBDEFBFBD4B1B63EFBFBDEFBFBDEFBFBD74EFBFBDEFBFBDEFBFBDEFBFBDEFBFBD55EFBFBD71EFBFBD7F36373737EFBFBD63142B110300005152E692A22011EFBFBDEFBFBDEFBFBDCC9D1FEFBFBDEFBFBDEFBFBDEFBFBD0B6FEFBFBDEFBFBDEFBFBD49EFBFBD73C993EFBFBDC9974E27EFBFBDEFBFBD4E1E3A7976EFBFBDEFBFBD3EEFBFBDEFBFBDEFBFBD7EEFBFBDEFBFBD67EFBFBDEFBFBDEFBFBD26EFBFBDEFBFBD260FEFBFBDEFBFBD7CEFBFBDEFBFBD6F1F78EFBFBD37EFBFBD2BEFBFBD6E3FEFBFBDEFBFBDEFBFBDEFBFBD43EFBFBDEFBFBDEFBFBD033B46EFBFBD123100001025652E290A12314C4C4C3CEFBFBDEFBFBD23EFBFBD674FEFBFBD47EFBFBD4F26C9A9EFBFBDC9B7EFBFBD262FEFBFBD495E4AEFBFBDEFBFBDEFBFBDEFBFBDEFBFBDEFBFBD7CEFBFBDEFBFBDEFBFBD78EFBFBDCCB3EFBFBDC9B1EFBFBDC9B157EFBFBDEFBFBD6AEFBFBDEFBFBDEFBFBDE4A39F7BEFBFBDEFBFBD0CEFBFBD0A384EEFBFBD3A313A3A3AEFBFBD63142B110300005152E692A22011EFBFBDEFBFBDEFBFBDEFBFBDEFBFBD27EFBFBD5D3F7BEFBFBD3E6A2FEFBFBDD2B9EFBFBDEFBFBDEFBFBD0BEFBFBD3A7BEFBFBDC2BF1FEFBFBDEFBFBD3F7EEFBFBD7EEFBFBD4F3EEFBFBD5767EFBFBDEFBFBDC5B3C9B7D79317D6934AEFBFBD7CEFBFBDEFBFBD2F5CEFBFBD184E167368EFBFBDEFBFBDEFBFBDEFBFBD00004449EFBFBD4BEFBFBDEFBFBD440C1763EFBFBD173746EFBFBDEFBFBD5367EFBFBD132F2767EFBFBD7DEFBFBD01EFBFBD4AEFBFBD3FEFBFBDEFBFBDEFBFBDEFBFBDEFBFBD0F1D7B6EEFBFBDEFBFBDEFBFBDEFBFBDEFBFBDEFBFBDEFBFBDEFBFBDEFBFBDEFBFBD0F3FEFBFBDEFBFBDEFBFBD420DEFBFBD7176EFBFBD1000EFBFBD2829734951EFBFBDEFBFBDEFBFBDEFBFBD36C685EFBFBDEFBFBD5C72EFBFBDEFBFBDEFBFBD1B27EFBFBDEFBFBD243973EFBFBDEFBFBDC4B5D78EEFBFBD5C3E3232EFBFBDEFBFBDEFBFBDDCBBEFBFBDEFBFBD0F1D7EEFBFBDE1B9851AEFBFBDEFBFBDEFBFBD2100005152E692A24811C3B73746EFBFBDEFBFBD12275E4EEFBFBD7B31EFBFBDEFBFBD2BEFBFBD43EFBFBD7F75DBB66DEFBFBD5FEFBFBDEFBFBD7DEFBFBD1B677FEFBFBD3511C3830F1F6E786EEFBFBDEFBFBDEFBFBD383B6B080040EFBFBDEFBFBDEFBFBDEFBFBD2852EFBFBD50EFBFBD18EFBFBD1F5F3EEFBFBDEFBFBD50EFBFBD7015EFBFBDEFBFBD57EFBFBDEFBFBD0FEFBFBDEFBFBDEFBFBDEFBFBD37EFBFBDEFBFBD077FEFBFBD0D63EFBFBDEFBFBDEFBFBDEFBFBDEFBFBDEFBFBD57EFBFBDEFBFBDEFBFBDEFBFBDEFBFBDEFBFBD17EFBFBDEFBFBDEFBFBDEFBFBD071BEFBFBD5BEFBFBDEFBFBD3DEFBFBDEFBFBD1A02001025652E29EFBFBD1331EFBFBD3DEFBFBDEFBFBDEFBFBD517FEFBFBDEFBFBD5FEFBFBDEFBFBDEFBFBDEFBFBD3AEFBFBD3CEFBFBDEFBFBDEFBFBD671F5BEFBFBDEFBFBD736FEFBFBDEFBFBD4BEFBFBDEFBFBDEFBFBDEFBFBDEFBFBD37EFBFBDEFBFBD37EFBFBDC989EFBFBDEFBFBDEFBFBD2479EFBFBDEFBFBD0F363CEFBFBD50437BEFBFBDEFBFBD350400204AEFBFBD5C52143362EFBFBDDAB5EFBFBD0B5F7EEFBFBDEFBFBD560E1D59EFBFBDEFBFBDEFBFBDEFBFBD3CEFBFBDEFBFBD67EFBFBD70EFBFBDD39FEFBFBDEFBFBDEFBFBD1E7BEFBFBDEFBFBDEFBFBD4FEFBFBDEFBFBDEFBFBD7CE691AF1C7AEFBFBDC79EEFBFBDEFBFBDEFBFBDEFBFBDEFBFBDEFBFBDEFBFBDEFBFBDEFBFBD3DEFBFBD565FEFBFBD30EFBFBDEFBFBD2100005152E692A24811EFBFBD0BEFBFBDC7BBEFBFBDEFBFBDEFBFBDEFBFBD0EEFBFBDEFBFBDEFBFBDEFBFBDEFBFBDEFBFBDEFBFBD420DEFBFBD7176EFBFBD1000EFBFBD2829734951EFBFBDEFBFBDEFBFBDEFBFBDEFBFBDEFBFBD1E67670D0100EFBFBDEFBFBD32EFBFBD1405EFBFBD18EFBFBD3D6F743BEFBFBDEFBFBDEFBFBD59430000EFBFBDEFBFBDEFBFBD2545EFBFBD22EFBFBDEFBFBD46EFBFBD437BEFBFBDEFBFBD350400204AEFBFBD5C52142962EFBFBDEFBFBDEFBFBDEFBFBDEFBFBD1E67670D0100EFBFBDEFBFBD32EFBFBD1445EFBFBD18EFBFBD61743BEFBFBDEFBFBDEFBFBD59430000EFBFBDEFBFBDEFBFBD2545EFBFBD22EFBFBD35EFBFBDDBA13DEFBFBDEFBFBD1A02001025652E29440CEFBFBDEFBFBDEFBFBDEFBFBDEFBFBD2100005152E692A24811EFBFBDEFBFBD5EEFBFBD68EFBFBDC48DDF8EEFBFBDEFBFBD70230D1B6CEFBFBDEFBFBD2D37EFBFBD793EDDBE74EFBFBD0D0EEFBFBD18EFBFBDEFBFBD1A02001025652E29EFBFBD1331EFBFBD3BEFBFBD5C57EFBFBDEFBFBDEFBFBD6FEFBFBD67EFBFBDEFBFBD5A3DEFBFBDEFBFBD76EFBFBD3637EFBFBDEFBFBDEFBFBDEFBFBDEFBFBD3752EFBFBDEFBFBDEFBFBD4DEFBFBDEFBFBD7169437BEFBFBDEFBFBD350400204AEFBFBD5C521429627836EFBFBDEFBFBDEFBFBD48275B6BEFBFBDEFBFBDEFBFBD3BEFBFBD1FEFBFBD70EFBFBDEFBFBD2B6EEFBFBDEFBFBD0EE79CBAEFBFBD1DEFBFBD5859430000EFBFBDEFBFBDEFBFBD2545EFBFBD22EFBFBD67EFBFBD1AEFBFBDEFBFBD52EFBFBDEFBFBD714FEFBFBD564F4F7D64EFBFBD363F2CEFBFBD0AEFBFBD7673EFBFBD7CEFBFBDEFBFBDE3BB9A6AEFBFBD4518EFBFBD31EFBFBDEFBFBD350400204AEFBFBD5C5214296238EFBFBDEFBFBD3F6BEFBFBD0D3F36EFBFBD6EEFBFBDEFBFBD57EFBFBDEFBFBDEFBFBD6D366CEFBFBDEFBFBDEFBFBDD69FEFBFBD48EFBFBDEFBFBDEFBFBDEFBFBD5EEFBFBDEFBFBDD79F38EFBFBD63142B6B080040EFBFBDEFBFBDEFBFBDEFBFBD2852EFBFBDEFBFBDEFBFBDEFBFBD47EFBFBD66EFBFBDEFBFBD37EFBFBD66EFBFBDEFBFBD0F6B7567EFBFBDEFBFBDEFBFBDEFBFBDEFBFBDEFBFBD76EFBFBDC6BBEFBFBDEFBFBDEFBFBDEFBFBD18EFBFBD31EFBFBDEFBFBD350400204AEFBFBD5C52EFBFBD18EFBFBDEFBFBDDBB4EFBFBDEFBFBDEFBFBDEFBFBD56EFBFBD4073EFBFBDEFBFBD26EFBFBD68EFBFBD185A451522EFBFBDEFBFBD58430000EFBFBDEFBFBDEFBFBD2545EFBFBD22EFBFBDEFBFBD7535EFBFBDEFBFBDEFBFBDEFBFBD6D6CEFBFBDEFBFBD46EFBFBDEFBFBD1B36EFBFBDEFBFBDEFBFBD56EFBFBD697F4FEFBFBDEFBFBDEFBFBDEFBFBDEFBFBD64EFBFBD1D2EEFBFBDEFBFBDEFBFBD51EFBFBDEFBFBD2100005152E692A24011EFBFBDEFBFBDD5AEEFBFBDEFBFBDEFBFBD6F6FEFBFBDEFBFBD7CEFBFBDEFBFBDD3B7EFBFBDEFBFBDEFBFBD0DEFBFBD5CEFBFBDEFBFBDEFBFBD57EFBFBD1FEFBFBDEFBFBD0C3B5CEFBFBDEFBFBD1DEFBFBD5859430000EFBFBDEFBFBDEFBFBD2545EFBFBD22EFBFBDEFBFBDEFBFBD1AEFBFBDEFBFBD52EFBFBDEFBFBDEFBFBDEFBFBD4F794CEFBFBDEFBFBDEFBFBD7F56EFBFBD035A3DEFBFBDEFBFBDDB9B27EFBFBDEFBFBD54EFBFBD2FEFBFBDEFBFBDEFBFBD51EFBFBDEFBFBD2100005152E692A24811EFBFBD57EFBFBD1A4D570A7CEFBFBD79236D36EFBFBDEFBFBD2DEFBFBDEFBFBDEFBFBD633AEFBFBDEFBFBDEFBFBDEFBFBDEFBFBD73EFBFBDEFBFBD15EFBFBD3F6B60EFBFBD2856EFBFBD1000EFBFBD2829734951EFBFBDEFBFBDEFBFBD685763EFBFBD53EAB79B37EFBFBDEFBFBDEFBFBD4DEFBFBD44EFBFBDEFBFBDEFBFBD4D2EEFBFBD7840EFBFBDEFBFBD68EFBFBDEFBFBDEFBFBDEFBFBD6FEFBFBDEFBFBD4E166160EFBFBD2856EFBFBD1000EFBFBD2829734951EFBFBDEFBFBDEFBFBD29EFBFBDDBA13DEFBFBDEFBFBD1A02001025652E29EFBFBD14313C69743BEFBFBDEFBFBDEFBFBD59430000EFBFBDEFBFBDEFBFBD25EFBFBDEFBFBDEFBFBD1031EFBFBDEFBFBD350400204AEFBFBD5C52142762387FEFBFBD09EFBFBDDBA13DEFBFBDEFBFBD1A02001025652E29EFBFBD14317CEFBFBDEFBFBD7668EFBFBDEFBFBDEFBFBDEFBFBD00004449EFBFBD4BEFBFBD22450C2B46EFBFBD437BEFBFBDEFBFBD350400204AEFBFBD5C52142962EFBFBDEFBFBDEFBFBDEFBFBDEFBFBD1E67670D0100EFBFBDEFBFBD32EFBFBD1405EFBFBD184647475F7EEFBFBDEFBFBDEFBFBDEFBFBD647435EFBFBDEFBFBDEFBFBD59430000EFBFBDEFBFBDEFBFBD25454122EFBFBD52EFBFBDEFBFBDEFBFBDEFBFBDEFBFBD79EFBFBDEFBFBDEFBFBD4657437BEFBFBDEFBFBD350400204AEFBFBD5C52142462EFBFBDEFBFBDEFBFBDEFBFBDEFBFBDEFBFBDEFBFBDEFBFBD2F1AEFBFBDEFBFBD2FEFBFBD7C7C62626260EFBFBD285622060000EFBFBDEFBFBDEFBFBD25454122EFBFBDEFBFBD6EEFBFBD6D6EEFBFBD736FDA876BEFBFBDEFBFBDEFBFBD07EFBFBDEFBFBDEFBFBDEFBFBDEFBFBD51EFBFBD440C00004449EFBFBD4BEFBFBDEFBFBD440CEFBFBDEFBFBDEFBFBD13133FEFBFBD72EFBFBDEFBFBDEFBFBDEFBFBD6346EFBFBD6366EFBFBDEFBFBDEFBFBDC5811DEFBFBD58EFBFBD180000EFBFBDEFBFBD32EFBFBD1405EFBFBD186AEFBFBD5D70EFBFBDEFBFBDEFBFBD0B4627EFBFBDEFBFBD16EFBFBD6276767AEFBFBD07285622060000EFBFBDEFBFBDEFBFBD25457122EFBFBD6AEFBFBD3A35EFBFBDEFBFBD43EFBFBDEFBFBD35491E35DA8FEFBFBDEFBFBDEFBFBD13133F51EFBFBD3C30EFBFBD03142B110300005152E692A2381143EFBFBDEFBFBDEFBFBDEFBFBDEFBFBDEFBFBD2B2BEFBFBD4972EFBFBD6835EFBFBDEFBFBD0E4E4DEFBFBD7979EFBFBDEFBFBD067C746225620000204AEFBFBD5C52142A62EFBFBD3974EFBFBDEFBFBDEFBFBDE4B5B7EFBFBDEFBFBDEFBFBD49EFBFBDEFBFBD3C16173F3831515A5EEFBFBDEFBFBDEFBFBD1FEFBFBD58EFBFBD180000EFBFBDEFBFBD32EFBFBD1445EFBFBD18EFBFBDEFBFBDEFBFBDEFBFBDEFBFBDEFBFBD2B4F4DEFBFBD697EEFBFBD4FEFBFBDEFBFBD3EEFBFBD24EFBFBDEFBFBD4AEFBFBD1616EFBFBD7C7676EFBFBDEFBFBDEFBFBD54EFBFBD762EEFBFBD255622060000EFBFBDEFBFBDEFBFBD25450123EFBFBDEFBFBDEFBFBDEFBFBDEFBFBD72EFBFBD57EFBFBDEFBFBD7F60EFBFBDEFBFBDEFBFBDEFBFBDEFBFBDEFBFBDEFBFBDCEBE7561EFBFBDEFBFBD733C22EFBFBD1A113100001023652E2972EFBFBD7FEFBFBD5E75EFBFBD7239EFBFBD29EFBFBD47EFBFBD730000EFBFBDEFBFBDEFBFBD25EFBFBDEFBFBD2177EFBFBD216EEFBFBD2F00005152EFBFBD42C4903BEFBFBD1037EFBFBD1700EFBFBD282973492162C89D75EFBFBDEFBFBDEFBFBD0B0040EFBFBDEFBFBDEFBFBDEFBFBD1031EFBFBDEFBFBD3AEFBFBDEFBFBDEFBFBD0500204AEFBFBD5C52EFBFBD1872671DEFBFBDEFBFBDEFBFBD02001025652E29440CEFBFBDEFBFBD0E71737C0100EFBFBDEFBFBD32EFBFBD1422EFBFBDEFBFBD59EFBFBDEFBFBD39EFBFBD00004449EFBFBD4B0A1143EFBFBD43EFBFBD1C5F0000EFBFBDEFBFBDEFBFBD25EFBFBDEFBFBD2177EFBFBD216EEFBFBD2F00005152EFBFBD42C4903BEFBFBD1037EFBFBD1700EFBFBD282973492162C89D75EFBFBDEFBFBDEFBFBD0B0040EFBFBDEFBFBDEFBFBDEFBFBD1031EFBFBDEFBFBD3AEFBFBDEFBFBDEFBFBD0500204AEFBFBD5C52EFBFBD1872671DEFBFBDEFBFBDEFBFBD02001025652E29440CEFBFBD585858EFBFBDEFBFBDEFBFBDEFBFBDEFBFBDEFBFBDEFBFBDEFBFBD64EFBFBDEFBFBDEFBFBDEFBFBD78EFBFBDDFABEFBFBDEFBFBD7A656525EFBFBDEFBFBD63453EEFBFBD0100EFBFBDEFBFBD32EFBFBD1422EFBFBD5CEFBFBD75EFBFBD5D234D76EFBFBDDAB5EFBFBDEFBFBDEFBFBDEFBFBDEFBFBDEFBFBD22EFBFBDEFBFBD0000444CEFBFBD4B0A11432EEFBFBDEFBFBDEFBFBD55575DEFBFBD395FEFBFBDEFBFBDEFBFBDEFBFBDEFBFBDEFBFBD2BEFBFBD4AEFBFBD53EFBFBDC78A7CEFBFBD03001031652E29440C79EFBFBDEFBFBD5BEFBFBDEFBFBDE28A8DEFBFBDE1A69B6EEFBFBDEFBFBDEFBFBDEFBFBD7B52EFBFBD5EEFBFBDEFBFBD73000062EFBFBDEFBFBD25EFBFBDEFBFBD2147DBB66DEFBFBDEFBFBD0B7BEFBFBDEFBFBD29EFBFBD4AEFBFBD6A35EFBFBD19EFBFBD7BEFBFBD730000EFBFBDEFBFBDEFBFBD25EFBFBDEFBFBD2147EFBFBDEFBFBD7FEFBFBDEFBFBD575E595BEFBFBDEFBFBDEFBFBD697FEFBFBD2156EFBFBD730000EFBFBDEFBFBDEFBFBD25EFBFBDEFBFBD215F37EFBFBD70433D62EFBFBD7B22EFBFBDEFBFBD1C00EFBFBD282973492162EFBFBDEFBFBDEFBFBDEFBFBD5A6D1D7C5765C49CEFBFBD00004449EFBFBD4B0A1143EFBFBD43EFBFBD1C5F0000EFBFBDEFBFBDEFBFBD25EFBFBDEFBFBD215FEFBFBD4AEFBFBD5C2EEFBFBDEFBFBDCA8839EFBFBD0100EFBFBDEFBFBD32EFBFBD1422EFBFBD1C552AEFBFBDEFBFBD3B77EFBFBD71EFBFBDEFBFBDEFBFBDD494EFBFBD2156EFBFBD730000EFBFBDEFBFBDEFBFBD25EFBFBDEFBFBD212FEFBFBD7CE1A1870FEFBFBD593F5BEFBFBD57EFBFBD10EFBFBDEFBFBDEFBFBDEFBFBD0000EFBFBD4AEFBFBD4BEFBFBDEFBFBDEFBFBDEFBFBD6AEFBFBDEFBFBDEFBFBD4B17EFBFBDEFBFBDDA9C2FD487EFBFBD2156453EEFBFBD0100EFBFBDEFBFBD32EFBFBD14EFBFBD5269757535EFBFBDEFBFBD2E6CEFBFBDD59C2F48192256EFBFBDEFBFBD1C00EFBFBDEFBFBD29734931393979EFBFBDC8915C5EEFBFBDEFBFBDEFBFBD57EFBFBD7C41EFBFBD10EFBFBD62EFBFBDEFBFBD0000444FEFBFBD4BEFBFBD5A43EFBFBDEFBFBDEFBFBDEFBFBDEFBFBD4B17EFBFBDEFBFBD6AEFBFBD2F4819EFBFBD54EFBFBDEFBFBD1C00EFBFBD2250E692A25C2EEFBFBDEFBFBDEFBFBDEFBFBDEFBFBDEFBFBD456BEFBFBD3AEFBFBD17EFBFBD0CEFBFBD29EFBFBD790E004041287349313F3F5F2EEFBFBD7379EFBFBD42EFBFBD5EEFBFBDEFBFBD0B52EFBFBDEFBFBD14EFBFBD3C0700EFBFBD38EFBFBDEFBFBDEFBFBD585959EFBFBDEFBFBDEFBFBDEFBFBDE5A58BEFBFBD7A75EFBFBD2F48196252EFBFBDEFBFBD1C00EFBFBD4251EFBFBD2EEFBFBDEFBFBDEFBFBD58EFBFBDEFBFBDEFBFBDEFBFBDEFBFBD052943340A72EFBFBD03005034EFBFBD5CEFBFBDEFBFBDDFBFEFBFBDEFBFBD6F1EEFBFBDEFBFBD16EFBFBDEFBFBD6AEFBFBD17EFBFBDEFBFBDEFBFBD6BEFBFBDEFBFBD78EFBFBDEFBFBDEFBFBDEFBFBD4CEFBFBDEFBFBDEFBFBD27EFBFBD6FEFBFBD7EC7810352EFBFBD6814EFBFBD3C0700EFBFBDEFBFBDEFBFBDEFBFBDEFBFBDEFBFBD56EFBFBDEFBFBD52696D6D6DEFBFBDEFBFBD1B7DEB959A2FEFBFBDEFBFBDEFBFBDEFBFBD76EFBFBDEFBFBD6B4AEFBFBD29433D5F18EFBFBD48EFBFBD10EFBFBDEFBFBDEFBFBD730000EFBFBD49EFBFBD4B4BEFBFBDEFBFBDCBB52676EFBFBD2F1A77EFBFBDEFBFBD265FEFBFBD6B481936EFBFBD0B52EFBFBDEFBFBDEFBFBD7DEFBFBD03005058EFBFBD5CEFBFBDD9B76FDF803F2E1171EFBFBDD59C2FEFBFBD78EFBFBDEFBFBDEFBFBDEFBFBDEFBFBDEFBFBD6B6DEFBFBD0CEFBFBDEFBFBD42EFBFBDEFBFBDEFBFBDEFBFBD67EFBFBDEFBFBD320CEFBFBDEFBFBDEFBFBD730000EFBFBD4CEFBFBDEFBFBD16EFBFBDEFBFBDE6A6A7EFBFBD07EFBFBDEFBFBDEFBFBDEFBFBD7AEFBFBDEFBFBDEFBFBDEFBFBDEFBFBD7BEFBFBDEFBFBDC69A53EFBFBDC38F3CEFBFBDEFBFBD2FEFBFBD7DCFBDEFBFBDEFBFBD6304623DEFBFBD01002838652E5B5B5A5A2AEFBFBD4AEFBFBDEFBFBDEFBFBD1BEFBFBDEFBFBD66EFBFBDEFBFBDEFBFBD6AEFBFBDEFBFBD11EFBFBD29EFBFBDEFBFBD5EEFBFBDEFBFBD4EEFBFBD0529C390EFBFBDEFBFBD3C070000652E1DEFBFBDEFBFBDEFBFBDEFBFBDEFBFBDEFBFBD2BEFBFBD4AEFBFBDEFBFBDD3B51BEFBFBDEFBFBDEFBFBD7D7AEFBFBDEFBFBD5AEFBFBD4EEFBFBDEFBFBD323565EFBFBD305FEFBFBD320CEFBFBDEFBFBDEFBFBD73000048440C74EFBFBD5AEFBFBD2E2D2DEFBFBDDBB7EFBFBDEFBFBDCDB6EFBFBDEFBFBDEFBFBD49EFBFBDEFBFBD65CAB065EFBFBDEFBFBD396578EFBFBD5BEFBFBD32EFBFBD7D1CEFBFBD52EFBFBD34EFBFBDEFBFBDDAA9583B21EFBFBD315819113100001023652E61EFBFBDEFBFBDEFBFBDDAB973EFBFBD7D073FEFBFBD653A501FEFBFBD5EEFBFBDEFBFBDEFBFBD2FEFBFBDEFBFBDEFBFBDEFBFBDEFBFBDEFBFBDEFBFBD0E1CEFBFBDEFBFBD0EEFBFBD507BEFBFBDEFBFBD7F09C880EFBFBDEFBFBDEFBFBD2EEFBFBD6ADFBE7DEFBFBDEFBFBDEFBFBD636363EFBFBDEFBFBD5E5C5CEFBFBD7B6A5DEFBFBDEFBFBD3C0700EFBFBD3A652E61EFBFBDEFBFBDEFBFBD3A72EFBFBDEFBFBDCE9D3BEFBFBD3F7F62EFBFBD7420EFBFBDEFBFBD23EFBFBD1AEFBFBDC9B2EFBFBD166AEFBFBD76EFBFBD15EFBFBDEFBFBDEFBFBD1C2C2F2FEFBFBDEFBFBDEFBFBD4C4E4EEFBFBDEFBFBDEFBFBDEFBFBD3DEFBFBDEFBFBD4476EFBFBD030040EFBFBD32EFBFBDEFBFBDEFBFBDEFBFBD7A75EFBFBD32EFBFBDEFBFBD173A4C19EFBFBDEFBFBD2F6CEFBFBDEFBFBDEFBFBDEFBFBDEFBFBDEFBFBDEFBFBDEFBFBD42EFBFBD13EFBFBD5A7CEFBFBD390000242206421365EFBFBDEFBFBD3E6548EFBFBD172EEFBFBDEFBFBDEFBFBD5306EFBFBDC2866AEFBFBD3A3B3B3B3F3FEFBFBDEFBFBD44EFBFBD10EFBFBD790E0000EFBFBD5CEFBFBD126BEFBFBDEFBFBD2A6548EFBFBD17464747EFBFBDEFBFBDEFBFBD3EEFBFBDEFBFBDEFBFBD1F535306EFBFBD42EFBFBD6AEFBFBD5A5BEFBFBD43EFBFBD0EEFBFBD3DEFBFBD76623DEFBFBD01002838652E61EFBFBDEFBFBDEFBFBD6A4E195AEFBFBD0BEFBFBDEFBFBD48EFBFBDEFBFBDEFBFBDEFBFBDEFBFBD41EFBFBDEFBFBD6A7575756262EFBFBD5AEFBFBDEFBFBD3DEFBFBDEFBFBD223EEFBFBD01002832652E61EFBFBDEFBFBDEFBFBD6A4E19EFBFBDEFBFBD7D476AEFBFBDEFBFBDEFBFBD2C77EFBFBDEFBFBDEFBFBDEFBFBDEFBFBD53EFBFBD2DEFBFBD7CEFBFBDEFBFBDEFBFBDEFBFBDEFBFBDEFBFBD7B162DEFBFBD7DEFBFBD03005058EFBFBD5CEFBFBD127DEFBFBDEFBFBD266568EFBFBD17EFBFBD5306EFBFBD42EFBFBD565656262626EFBFBD454BD19FEFBFBD000014EFBFBD32EFBFBDEFBFBD14EFBFBDEFBFBD4A4D1952EFBFBDEFBFBD29EFBFBD7CEFBFBD5B3B76EFBFBD08EFBFBD2F3214EFBFBD3C0700EFBFBDEFBFBDEFBFBDEFBFBDEFBFBDEFBFBD20EFBFBD5773EFBFBDEFBFBDEFBFBDC387EFBFBD7C27EFBFBD171F7F5CEFBFBDD0ADEFBFBD3F2B51EFBFBDEFBFBD1C00EFBFBDEFBFBD51EFBFBD12EFBFBDEFBFBD5EEFBFBDC9B2D5902F746E717171666626EFBFBD59EFBFBD2BEFBFBD790E0040EFBFBD2873094BEFBFBD5AEFBFBD6E5306EFBFBD425742EFBFBD730CEFBFBD3AEFBFBD0100280E652E61295AEFBFBDEFBFBD79EFBFBD205FEFBFBDEFBFBDEFBFBDEFBFBD6AEFBFBD54EFBFBD7B16EFBFBD76EFBFBD03005010EFBFBD5CEFBFBD52EFBFBDD6ABEFBFBDEFBFBD41EFBFBD7069EFBFBD3DEFBFBDEFBFBDEFBFBD18000064EFBFBDEFBFBD252CEFBFBD6CEFBFBDDAA70CEFBFBD4B16EFBFBDEFBFBD14EFBFBDEFBFBD0000200B652E61296CEFBFBDEFBFBD2A65EFBFBD2F6411EFBFBDEFBFBD14EFBFBDEFBFBD0000200B652E612972EFBFBDD59C32EFBFBD17320AEFBFBD740A76620000EFBFBDEFBFBD32EFBFBDEFBFBD14EFBFBDEFBFBDDA9C32EFBFBD17EFBFBD0BEFBFBD740A76620000EFBFBDEFBFBD32EFBFBDEFBFBD68EFBFBDEFBFBD29EFBFBD5347EFBFBDEFBFBD17EFBFBD0BEFBFBD740A76620000EFBFBDEFBFBD32EFBFBDEFBFBD68EFBFBDEFBFBDEFBFBD2943EFBFBD54EFBFBD2F6417EFBFBDEFBFBD14EFBFBDEFBFBD0000200B652E61EFBFBD7AD595EFBFBDE5BCA710EFBFBD604FEFBFBD6027060000592873094BEFBFBDD6ABEFBFBD03EFBFBDEFBFBD5AEFBFBDEFBFBDEFBFBDEFBFBDEFBFBD372E79EFBFBD7425EFBFBD650C76620000EFBFBDEFBFBD32EFBFBDEFBFBD0C45EFBFBD30EFBFBDEFBFBDEFBFBD09EFBFBD18EFBFBD12EFBFBD32063B310000EFBFBD42EFBFBD4B582EEFBFBDEFBFBD4AEFBFBD175E73EFBFBD537FEFBFBDEFBFBD52EFBFBD777EEFBFBD5FEFBFBDEFBFBD2462EFBFBD7237EFBFBDEFBFBD3D11EFBFBD32063B310000EFBFBD42EFBFBD4B582EEFBFBDEFBFBD6A68EFBFBD376FE4BBB7EFBFBDEFBFBDEFBFBDEFBFBDEFBFBDEFBFBDEFBFBD79EFBFBD3B3F7CEFBFBD23EFBFBDEFBFBD21EFBFBDEFBFBD396FEFBFBDEFBFBD41C490EFBFBD60EFBFBD31D88901004016EFBFBD5CEFBFBD72EFBFBD1143733FDFB8CD86EFBFBDEFBFBDEFBFBDEFBFBD1B173734EFBFBDEFBFBDEFBFBD76EFBFBDEFBFBD68DE97EFBFBDEFBFBD76EFBFBDEFBFBD5AD09E087619EFBFBDEFBFBD18000064EFBFBDEFBFBD252C595AEFBFBDD496EFBFBD3557316CEFBFBDEFBFBDEFBFBD49EFBFBD0B77EFBFBD6FEFBFBD7A5D43EFBFBDEFBFBDEFBFBD10C5ABEFBFBDEFBFBDEFBFBD6975EFBFBD44EFBFBDEFBFBD0D13EFBFBD6A5FEFBFBD22EFBFBD650C76620000EFBFBDEFBFBD32EFBFBDEFBFBD5C72EFBFBDEFBFBD13533F28EFBFBDEFBFBDEFBFBDEFBFBDD59B1B49EFBFBDEFBFBD5F6B68EFBFBDEFBFBDEFBFBD181A2E5BEFBFBD7CEFB4A03D11EFBFBD32063B310000EFBFBD42EFBFBD4B582EEFBFBDEFBFBD6AEFBFBD2442EFBFBD550CEFBFBDEFBFBDEFBFBDEFBFBD7702EFBFBDEFBFBD61EFBFBDEFBFBD0DEFBFBDEFBFBD6BEFBFBDEFBFBDEFBFBDCA85D4AB183ADFA30E1F491BEFBFBD2E63EFBFBD130300EFBFBD2CEFBFBDEFBFBDEFBFBDEFBFBD27EFBFBD577AEFBFBDEFBFBD7815EFBFBDC5ACEFBFBDEFBFBD12DFBDEFBFBDD5BBEFBFBDEFBFBD49EFBFBDEFBFBD5B0CEFBFBDEFBFBD16EFBFBD27EFBFBD5DEFBFBD6027060000592873094BEFBFBDD6ABEFBFBDEFBFBD094943C4B0290868EFBFBD31EFBFBD4FEFBFBDEFBFBDEFBFBD07EFBFBD1A4934DFB3EFBFBD550C4953EFBFBDEFBFBD7A5D43EFBFBD7DEFBFBD62EFBFBD6921EFBFBD650C76620000EFBFBDEFBFBD32EFBFBDEFBFBD64EFBFBDEFBFBD44C38FCD9715EFBFBD49EFBFBDEFBFBD68EFBFBDEFBFBD44EFBFBDEFBFBD616161EFBFBD76EFBFBDEFBFBDEFBFBDEFBFBDEFBFBDEFBFBD64EFBFBDEFBFBDEFBFBDEFBFBD78EFBFBDDFABEFBFBDEFBFBD7A6565EFBFBD3F13EFBFBD5FEFBFBDEFBFBD7CEFBFBD130300EFBFBD2CEFBFBDEFBFBDEFBFBDEFBFBDEFBFBD1FEFBFBDEFBFBDD4976875EFBFBD42EFBFBDEFBFBDE3AEBBEFBFBD6AEFBFBDEFBFBDC5AE5DEFBFBD161717EFBFBD34EFBFBDEFBFBD05EFBFBDEFBFBD073B310000EFBFBD42EFBFBD4B58EFBFBDEFBFBD7A55EFBFBDD5ABEFBFBDEFBFBD6A73EFBFBD70EFBFBD75D78DEFBFBDEFBFBD572AEFBFBDEFBFBDEFBFBDEFBFBDEFBFBD36EFBFBD43274152EFBFBDEFBFBDEFBFBDCFAE41EFBFBD7B453EEFBFBD0100EFBFBDEFBFBD32EFBFBDEFBFBD14EFBFBDEFBFBDEFBFBDEFBFBD5BEFBFBDEFBFBDE28A8DEFBFBDE1A69B6EEFBFBDEFBFBDEFBFBDEFBFBD7B52EFBFBDEFBFBD7C2947EFBFBDEFBFBD5E3AEFBFBD0FEFBFBD3FEFBFBDEFBFBD0BEFBFBDEFBFBD542CEFBFBD790E0040EFBFBDEFBFBDEFBFBDEFBFBD45EFBFBD6DDBB67A7FEFBFBD67CF9E52EFBFBD54EFBFBD56EFBFBD51EFBFBDEFBFBDEFBFBDEFBFBDEFBFBD4D34EFBFBD71EFBFBDEFBFBDEFBFBDEFBFBD550C0000EFBFBDEFBFBD32EFBFBDEFBFBD68EFBFBDEFBFBDEFBFBDEFBFBD2BEFBFBDEFBFBDEFBFBDEFBFBD0EEFBFBDEFBFBDD385EFBFBD2B0CEFBFBD2F2B68EFBFBD27EFBFBDD286EFBFBDEFBFBD42EFBFBD6FEFBFBD7CEFBFBD7EEFBFBDEFBFBDEFBFBD730000EFBFBDEFBFBDEFBFBD252C5AEFBFBDEFBFBD1B6EEFBFBDEFBFBD1E31EFBFBD3DEFBFBDEFBFBD7472EFBFBD417376EFBFBD704F7352EFBFBD1A316C79EFBFBD1FEFBFBDEFBFBD00004449EFBFBD4B58EFBFBD5E356B6B6BEFBFBD7528EFBFBD7755767265EFBFBD48071FEFBFBD48EFBFBDEFBFBD5841EFBFBD000000EFBFBD40EFBFBD4B58EFBFBD5E75055FEFBFBD0EEFBFBD62EFBFBDEFBFBD43105BEFBFBDEFBFBD0F4A000040EFBFBD2873094BEFBFBDEFBFBD57EFBFBD5A5D5858EFBFBDEFBFBDEFBFBDEFBFBDEFBFBDEFBFBD2AEFBFBD4A6DEFBFBDCFB8EFBFBDEFBFBDEFBFBDEFBFBD02333333EFBFBDEFBFBDEFBFBD7C6566EFBFBDEFBFBD35EFBFBDEFBFBDEFBFBD231BEFBFBD6F7E58EFBFBD571CEFBFBD0E0EEFBFBD000060EFBFBDEFBFBDEFBFBDEFBFBD25EFBFBDEFBFBD6B6969EFBFBDEFBFBD5AEFBFBDEFBFBDEFBFBD7EEFBFBD231FEFBFBDEFBFBDEFBFBDEFBFBDEFBFBDEFBFBD1E3DEFBFBDEFBFBD5EEFBFBD51EFBFBDEFBFBDEFBFBD0AEFBFBD79EFBFBD7BEFBFBDEEADADEFBFBDEFBFBDEFBFBDEFBFBDEFBFBDEFBFBD45EFBFBD14EFBFBDD58FEFBFBDD387EFBFBDC7A43EEFBFBDEFBFBDEFBFBDEFBFBDEFBFBDEFBFBDEFBFBD0100EFBFBD282973094B2EEFBFBD57EFBFBD5229EFBFBDCBBB77EFBFBD3EEFBFBDCCB133EFBFBD67EFBFBDEFBFBDEFBFBDEFBFBDEFBFBDEFBFBDEFBFBDEFBFBDEFBFBD5B5BEFBFBDEFBFBDEFBFBDEFBFBDEFBFBD1DEFBFBDEFBFBD57316C3C66EFBFBD1BEFBFBD6CEFBFBD55EFBFBDEFBFBDEFBFBDEFBFBDEFBFBD033809450C00004449EFBFBD4B5806EFBFBD7A552AEFBFBDEFBFBDEFBFBDEFBFBD3B0EEFBFBDD399EFBFBDEFBFBD46EFBFBD71EFBFBD3D775F7FEFBFBDEFBFBDEFBFBDEFBFBDEFBFBDEFBFBD3928EFBFBD5EC590EFBFBDEFBFBD69EFBFBDEFBFBDEFBFBD5634DF99EFBFBDEFBFBD7E7F6842EFBFBD000040EFBFBDEFBFBDEFBFBDEFBFBD65EFBFBD57EFBFBD5CEFBFBDEFBFBD2FEFBFBD62EFBFBD1FEFBFBD1DEFBFBDEFBFBDCE9DEFBFBD30EFBFBD23EFBFBDEFBFBD12EFBFBDEFBFBD74EFBFBDEFBFBDD4A0EFBFBD0725EFBFBDEFBFBDEFBFBD0F22060000EFBFBDEFBFBDEFBFBD252C036EEFBFBDEFBFBDEFBFBDEFBFBD76EFBFBD7EEFBFBDEFBFBDD9AAEFBFBDEFBFBDEFBFBDEFBFBD3FEFBFBDEFBFBD5B6F7DEFBFBD200F5046EFBFBD76EFBFBDEFBFBD4E0C0000EFBFBD50EFBFBD12EFBFBD41EFBFBD5EEFBFBD6AEFBFBD542A3DEFBFBDEFBFBDEFBFBDEFBFBDD997EFBFBD4EEFBFBDEFBFBD53EFBFBDDABEEFBFBDEFBFBDEFBFBDEFBFBDEFBFBDEFBFBD1DEFBFBDEFBFBDEFBFBDEFBFBDE4839D18000064EFBFBDEFBFBD252CEFBFBD6CEFBFBDEFBFBDEFBFBDEFBFBDEFBFBDEFBFBDEFBFBDEFBFBDD99736C6AEEFBFBD5F697FEFBFBDEFBFBDEFBFBDEFBFBDEFBFBD2AD4B8EFBFBDEFBFBD3FEFBFBDEFBFBDEFBFBD1BEFBFBD31EFBFBD28EFBFBD4E3ED88901004016EFBFBD5CEFBFBD32EFBFBDEFBFBD6B6666EFBFBDCE8FEFBFBDEFBFBD77EFBFBDEFBFBDEFBFBDEFBFBD24EFBFBDDAB9EFBFBDEFBFBDEFBFBDEFBFBD4BEFBFBDEFBFBD474F270FEFBFBD3CEFBFBDEFBFBD63EFBFBDEFBFBDEFBFBD67EFBFBDEFBFBDEFBFBD33EFBFBDEFBFBD54EFBFBDEFBFBD57EFBFBD075E4A3EEFBFBD4AEFBFBD0F3CEFBFBDEFBFBD1BDF957BEFBFBDEFBFBDEFBFBD78EFBFBDEFBFBDEFBFBDEFBFBDC9811DEFBFBDEFBFBDEFBFBDEFBFBDE4839D18000064EFBFBDEFBFBD252CEFBFBD6CEFBFBD2626261E7FEFBFBDEFBFBDEFBFBDEFBFBDEFBFBDEFBFBDEFBFBDEFBFBD27EFBFBDEFBFBDEFBFBDEFBFBDEFBFBDEFBFBD67EFBFBD17EFBFBD242F25EFBFBDEFBFBDEFBFBDEFBFBDEFBFBD46EFBFBDEFBFBDEFBFBD76EFBFBD75EFBFBDEFBFBDEFBFBDEFBFBDEFBFBDEFBFBDEFBFBDEFBFBD2BEFBFBD6A3579EFBFBD6CEFBFBDEFBFBDEFBFBD3D7AEFBFBD42EFBFBD53051C274FEFBFBD181D1D1DEFBFBD31EFBFBD28EFBFBD4E3ED88901004016EFBFBD5CEFBFBD32EFBFBDEFBFBD6B6C6CEFBFBDEFBFBD13CFAEEFBFBD3D591FEFBFBDEFBFBD7EEFBFBD5C72EFBFBDDC855FEFBFBD3D7FEFBFBDDF8FEFBFBDEFBFBD1F3FEFBFBD533FEFBFBD271FEFBFBDEFBFBDEFBFBD49EFBFBDEFBFBDEFBFBDEFBFBDEFBFBDEFBFBDEFBFBD0BEFBFBD4925493EEFBFBDEFBFBD172E460C27EFBFBD39EFBFBDEFBFBD3D0E76EFBFBDEFBFBD4E0C0000EFBFBD50EFBFBD12EFBFBD017F71EFBFBDEFBFBDEFBFBD173746EFBFBDEFBFBD5367EFBFBD132F2767EFBFBD7DEFBFBD01EFBFBD4AEFBFBD3FEFBFBDEFBFBDEFBFBDEFBFBDEFBFBD0F1D7B6EEFBFBDEFBFBDEFBFBDEFBFBDEFBFBDEFBFBDEFBFBDEFBFBDEFBFBDEFBFBD0F3FEFBFBDEFBFBDEFBFBD42EFBFBD216AEFBFBDEFBFBDEFBFBD6AEFBFBD130300EFBFBD2CEFBFBDEFBFBDEFBFBD65EFBFBD11EFBFBDEFBFBD6DEFBFBD0B11C3B9EFBFBDEFBFBD4BEFBFBD374E26EFBFBD4972EFBFBDEFBFBDEFBFBD6BEFBFBD1D19EFBFBD7C6464EFBFBD6DEFBFBDEFBFBD77EFBFBD131F3AEFBFBD48EFBFBD730B35EFBFBDEFBFBD3D0E76EFBFBDEFBFBD4E0C0000EFBFBD50EFBFBD12EFBFBDEFBFBD470CEFBFBDEFBFBD18EFBFBD0F4AEFBFBD783979EFBFBDEFBFBDE49BAF240F3DEFBFBDEFBFBD6DDBB65D7EEFBFBDEFBFBDEFBFBD0D6FEFBFBDEFBFBDEFBFBDEFBFBD440C0F3E7CEFBFBDE1B9851A43EFBFBD1E073BEFBFBD602706000059287309EFBFBDEFBFBD23EFBFBDEFBFBDC6A8EFBFBDEFBFBDEFBFBDEFBFBDEFBFBDEA85AB18EFBFBDEFBFBDEFBFBD1C7C70EFBFBD67EFBFBDEFBFBDEFBFBD3FEFBFBD436F18EFBFBDEFBFBDEFBFBDEFBFBDEFBFBDEFBFBDEFBFBDEFBFBD24274F272FEFBFBDEFBFBDEFBFBDEFBFBD070E3DEFBFBDEFBFBDEFBFBD42EFBFBD216AEFBFBDEFBFBDEFBFBD6AEFBFBD130300EFBFBD2CEFBFBDEFBFBDEFBFBD65EFBFBD11EFBFBDD9B3EFBFBDEFBFBD18EFBFBDEFBFBD7EEFBFBDEFBFBDEFBFBD3FEFBFBDEFBFBDEFBFBD33EFBFBD732FEFBFBD7FEFBFBDEFBFBDEFBFBDEFBFBD3FEFBFBDEFBFBD5DEFBFBDEFBFBDEFBFBDEFBFBD3CEFBFBD7CEFBFBDEFBFBD7CEFBFBDEFBFBDEFBFBD38EFBFBDEFBFBD4EEFBFBD073EEFBFBD60EFBFBD730B35EFBFBDEFBFBD3D0E76EFBFBDEFBFBD4E0C0000EFBFBD50EFBFBD12EFBFBD1C23EFBFBDEFBFBD5D3BEFBFBDEFBFBDEFBFBD271F7A6CEFBFBDD091EFBFBDEFBFBD1C5EEFBFBDEFBFBD234F7CEFBFBD0B473FEFBFBDEFBFBD2F7DEEB1A7EFBFBD3FEFBFBDEFBFBD7F1FEFBFBDEFBFBD671EEFBFBDCAA147EFBFBD78EFBFBDC9AF7FEFBFBD1F0EEFBFBD7DEFBFBDEFBFBD736FEFBFBD450C5B0A76EFBFBDEFBFBD4E0C0000EFBFBD50EFBFBD12EFBFBDEFBFBD470C2F6C1EEFBFBD7EEFBFBDEFBFBD463AEFBFBD1B6F7B5BEFBFBD130B35EFBFBDEFBFBD3D0E76EFBFBDEFBFBD4E0C0000EFBFBD50EFBFBD12EFBFBDEFBFBD470C27EFBFBD6EEFBFBD10EFBFBDEFBFBDEFBFBD4E35D88901004016EFBFBD5CEFBFBD32EFBFBDEFBFBDEFBFBDEFBFBD46EFBFBD63EFBFBDEFBFBDEFBFBD60EFBFBD1AEFBFBDEFBFBD0000200B652E611978EFBFBD70EFBFBDEFBFBD760C517B1CEFBFBD54EFBFBDEFBFBD18000064EFBFBDEFBFBD252C03EFBFBD18EFBFBD69743BEFBFBDEFBFBD3D0E76EFBFBDEFBFBD4E0C0000EFBFBD50EFBFBD12EFBFBDEFBFBD470CEFBFBD30EFBFBD1D43EFBFBD1E073BEFBFBD602706000059287309EFBFBDEFBFBD23EFBFBD35EFBFBDEFBFBD3144EFBFBD71EFBFBD530D76620000EFBFBDEFBFBD32EFBFBDEFBFBDEFBFBD18EFBFBD1F43EFBFBD1E073BEFBFBD602706000059287309EFBFBDEFBFBD23EFBFBDEFBFBDEFBFBDEFBFBD68EFBFBD12CDBFEFBFBDEFBFBDEFBFBD0DEFBFBD37EFBFBDEFBFBDEFBFBD4E0DEFBFBD186514EFBFBD54EFBFBDEFBFBD18000064EFBFBDEFBFBD252C03EFBFBD18CE9D7BEFBFBDEFBFBD63EFBFBD4B34EFBFBD5CEFBFBDDF8E6CEFBFBDEFBFBD59EFBFBD37EFBFBDEFBFBD53033B4619053BEFBFBD602706000059287309EFBFBDEFBFBD23EFBFBD677B3E5AEFBFBD025B3F66EFBFBD61EFBFBDEFBFBDEFBFBDEFBFBDEFBFBD3637EFBFBDEFBFBDEFBFBD033B4619053BEFBFBD602706000059287309EFBFBDEFBFBD23EFBFBD67EFBFBD3AEFBFBD2FEFBFBDEFBFBD42EFBFBD5EEFBFBDEFBFBDEFBFBD37EFBFBD12EFBFBD7D40EFBFBD7EEFBFBDEFBFBDEFBFBDEFBFBD5146EFBFBD4E35D88901004016EFBFBD5CEFBFBD32EFBFBDEFBFBDEFBFBD585FC7AB1140EFBFBDEFBFBDEFBFBD1EEFBFBDEFBFBDEFBFBD16573A343EEFBFBDEFBFBD7DDDB5216AEFBFBDEFBFBDEFBFBD6AEFBFBD130300EFBFBD2CEFBFBDEFBFBDEFBFBD65EFBFBD11EFBFBDEFBFBD7B3BEFBFBDEFBFBD02EFBFBDEFBFBDEFBFBDEFBFBD7958EFBFBDEFBFBD5FEFBFBDEFBFBDEFBFBD37EFBFBDEFBFBD5F0DEFBFBD1CEFBFBD31EFBFBD28D8A9063B310000EFBFBD42EFBFBD4B58EFBFBD3D6268EFBFBD1774EFBFBD445CEFBFBD6352EFBFBD061143EFBFBDEFBFBDD3A9796BEFBFBDEFBFBDEFBFBD6A53EFBFBD7A33EFBFBD16EFBFBDD8BFEFBFBD030040EFBFBDEFBFBDEFBFBDEFBFBD0C3C62EFBFBD5AEFBFBDC6ABEFBFBDEFBFBD6BEFBFBDEFBFBD760BEFBFBD6F6F7EEFBFBDEFBFBD1B7DDDB5EFBFBD1DEFBFBDEFBFBD7A3EEFBFBDEFBFBD1B4CEFBFBDEFBFBDC69DEFBFBDEFBFBD41EFBFBD3B37EFBFBD68132DEFBFBDEFBFBD54EFBFBDEFBFBDEFBFBDEFBFBD000040EFBFBD42EFBFBDEFBFBD0CEFBFBDEFBFBDEFBFBDD08DEFBFBD5FEFBFBDC7A86F7963EFBFBDEFBFBDEFBFBDEFBFBDEFBFBDEFBFBD536FEFBFBDEFBFBDEFBFBDEFBFBDEFBFBD1BEFBFBD1B43D4A0EFBFBD70EFBFBDEFBFBDEFBFBDEFBFBD2FEFBFBD70EFBFBDC8A61CEFBFBDEFBFBD01EFBFBD66EFBFBDEFBFBD66EFBFBD7CEFBFBD2DEFBFBD050000EFBFBD293709EFBFBDEFBFBD23EFBFBDEFBFBD7B3E3636EFBFBD291148EFBFBD55F38FA98FEFBFBDEFBFBDEFBFBDEFBFBD0653EFBFBDEFBFBDEFBFBD1D1CEFBFBD31CAA8EFBFBD1143EFBFBDEFBFBD53EFBFBDEFBFBDEFBFBD67EFBFBDEFBFBDEFBFBD54EFBFBDEFBFBD6EEFBFBDEFBFBD2D5FEFBFBDEFBFBD6B01004016EFBFBD4CEFBFBD32EFBFBDEFBFBDE1ABBD1DEFBFBDEFBFBDD9BCEFBFBDEFBFBD7BEFBFBD371A1EEFBFBD7A67EFBFBD4D356FEFBFBDEFBFBDEFBFBDEFBFBDD8BBEFBFBD2D0FEFBFBD186534EFBFBDEFBFBDEFBFBDEFBFBD75EFBFBDEFBFBDEFBFBD37EFBFBDEFBFBD3EEFBFBDEFBFBDEFBFBD75EFBFBDEFBFBDEFBFBD55EFBFBD010000EFBFBDEFBFBDEFBFBD242C03EFBFBD18EFBFBDEFBFBD7534EFBFBDEFBFBDEFBFBDEFBFBDEFBFBDEFBFBD1EEFBFBD663BEFBFBD36EFBFBDEFBFBDEFBFBD2DEFBFBDEFBFBD7DEFBFBD0676EFBFBD321A64EFBFBDEFBFBDEFBFBD636AEFBFBDEFBFBD7A1D41EFBFBDEFBFBD61EFBFBD61EFBFBDEFBFBDEFBFBDEFBFBD13EFBFBDEFBFBDEFBFBD531F030000EFBFBDEFBFBDEFBFBD242C03EFBFBD18EFBFBD32EFBFBD1D43D4A3EFBFBD366268EFBFBDEFBFBDEFBFBD5A250249EFBFBD68EFBFBDEFBFBDEFBFBD6FEFBFBD0BEFBFBDEFBFBDEFBFBDD59D6D660200003DEFBFBDEFBFBD242C03EFBFBD18EFBFBD34EFBFBD1D43D4A30EEFBFBD746AEFBFBDEFBFBDEFBFBD4D0CEFBFBD3E05485A240BEFBFBDEFBFBD6AEFBFBD6200006060D49AEFBFBD45EFBFBD10EFBFBD18EFBFBD1EEFBFBD4F53EFBFBD322068EFBFBDEFBFBD2DEFBFBD6268756544C38FEFBFBDEFBFBDEFBFBD6A4A4374EFBFBD0000185EEFBFBD4EEFBFBD32EFBFBDEFBFBDEFBFBDEFBFBDEFBFBD27EFBFBD6EEFBFBD1035EFBFBD3DEFBFBD6AEFBFBDEFBFBD2D345F35EFBFBD6602EFBFBDEFBFBD6B68EFBFBDEFBFBDEFBFBDEFBFBDEFBFBD3CEFBFBDEFBFBD390FEFBFBD11040060EFBFBD283409EFBFBDEFBFBD23EFBFBDEFBFBD18DD8E216A50EFBFBD173134DF99EFBFBD19EFBFBDEFBFBDEFBFBD77EFBFBD41EFBFBD2D7F7B091143EFBFBD3B0100EFBFBD2754EFBFBDEFBFBD65EFBFBD11C38AEFBFBDEFBFBD18EFBFBDEFBFBD57536DEFBFBD4EEFBFBDEFBFBDEFBFBD3568EFBFBD21EFBFBDEFBFBD0FEFBFBDEFBFBD030EEFBFBD1EEFBFBD2AEFBFBD6878EFBFBD213AEFBFBD00000C115526611978EFBFBDEFBFBD65EFBFBDEFBFBD3144EFBFBD69EFBFBD530D76620000EFBFBDEFBFBD32EFBFBDEFBFBD0CEFBFBDEFBFBD1A1D1D7DEFBFBDEFBFBD47CE9FEFBFBDEFBFBDEFBFBDEFBFBD18EFBFBDEFBFBD38D8A9063B310000EFBFBD42EFBFBD4B5806EFBFBD7AEFBFBD4AEFBFBDEFBFBDEFBFBDEFBFBDEFBFBDEFBFBDEFBFBD1F37EFBFBD1A43EFBFBD1E073BEFBFBD602706000059287309EFBFBD205BEFBFBDEFBFBDEFBFBDEFBFBD4F2CEFBFBD7E3EEFBFBDEFBFBDEFBFBDEFBFBDEFBFBDEFBFBDEFBFBDEFBFBD2726260676EFBFBD320AEFBFBDEFBFBD0F76620000EFBFBDEFBFBD32EFBFBDEFBFBD0CEFBFBDEFBFBDEFBFBDEFBFBDEFBFBDEFBFBDEFBFBD7E3BEFBFBDEFBFBD7DEFBFBDEFBFBD3FEFBFBD7FEFBFBD5C2E0FEFBFBD1865146C271FEFBFBDEFBFBD0000200B652E611964EBB5BAEFBFBD3A31EFBFBD132F571F3AEFBFBD3C66743866666E585C5C1CEFBFBD31EFBFBD28EFBFBD4E3ED88901004016EFBFBD5CEFBFBD32EFBFBDEFBFBD6BEFBFBD0537EFBFBD4FEFBFBD607432EFBFBD6DEFBFBD2F6667EFBFBD0779EFBFBD320AEFBFBDEFBFBD0F76620000EFBFBDEFBFBD32EFBFBDEFBFBD0CEFBFBDEFBFBDEFBFBD56EFBFBD53536F3E74EFBFBD5FEFBFBDEFBFBD51EFBFBDEFBFBD585B3B3831EFBFBD13EFBFBDEFBFBD03EFBFBD3C401905EFBFBDEFBFBD073B310000EFBFBD42EFBFBD4B5806EFBFBD7AEFBFBDEFBFBDEFBFBD4C4E5EEFBFBDEFBFBDEFBFBDEFBFBD2447EFBFBD56636DEFBFBDEFBFBDEFBFBDD49BEFBFBDEFBFBDEFBFBD69EFBFBD4727EFBFBD603BEFBFBD6027060000592873094B2EEFBFBDD7A143EFBFBD2627EFBFBDEFBFBDEFBFBDEFBFBD4DEFBFBD47EFBFBDE6B1B8EFBFBDEFBFBDEFBFBDEFBFBDEFBFBDEFBFBDEFBFBD3F0EEFBFBDEFBFBD64146C271FEFBFBDEFBFBD0000200B652E61C9ABEFBFBDEFBFBD56EFBFBD7373E5A9A937EFBFBDEFBFBDEFBFBDEFBFBDEFBFBDEFBFBD27EFBFBDEFBFBD51EFBFBDEFBFBDEFBFBDEFBFBDC29FEFBFBDEFBFBDEE9E99EFBFBDEFBFBDEFBFBDEFBFBDEFBFBD64146C271FEFBFBDEFBFBD0000200B652E61C9B7EFBFBD5A5E5E2EEFBFBD7F757CEFBFBD07461819191B7BEFBFBDEFBFBDEFBFBD5B1716EFBFBD3CEFBFBD23EFBFBDEFBFBD48EFBFBDEFBFBD7CEFBFBD130300EFBFBD2CEFBFBDEFBFBDEFBFBD45EFBFBD55572EEFBFBDEFBFBD420CEFBFBD3DEFBFBDEFBFBDEFBFBD18000064EFBFBDEFBFBD252C5AEFBFBD3AEFBFBDEFBFBD13EFBFBD2E63EFBFBD130300EFBFBD2CEFBFBDEFBFBDEFBFBD45EFBFBD55671D7A22EFBFBD650C76620000EFBFBDEFBFBD32EFBFBDEFBFBD68EFBFBDEFBFBD434F04EFBFBDEFBFBDEFBFBD4E0C0000EFBFBD50EFBFBD1216EFBFBD57EFBFBD75EFBFBD60EFBFBD31D88901004016EFBFBD5CC2A2EFBFBDEFBFBDEFBFBD0E3D11EFBFBD32063B310000EFBFBD42EFBFBD4B58EFBFBD5E75D6A127EFBFBD5DEFBFBD602706000059287309EFBFBDD6ABEFBFBD3AEFBFBD44EFBFBDEFBFBD18EFBFBDEFBFBD0000200B652E61EFBFBD7AEFBFBD59EFBFBDEFBFBD087619EFBFBDEFBFBD18000064EFBFBDEFBFBD252C5AEFBFBD3AEFBFBDEFBFBD13EFBFBD2E63EFBFBD130300EFBFBD2CEFBFBDEFBFBDEFBFBD45EFBFBD55671D7A22EFBFBD650C76620000EFBFBDEFBFBD32EFBFBDEFBFBD68EFBFBDEFBFBD434F04EFBFBDEFBFBDEFBFBD4E0C0000EFBFBD50EFBFBD1216EFBFBD57EFBFBD75EFBFBD60EFBFBD31D88901004016EFBFBD5CC2A2EFBFBDEFBFBDEFBFBD0E3D11EFBFBD32063B310000EFBFBD42EFBFBD4B58EFBFBD5E75D6A127EFBFBD5DEFBFBD602706000059287309EFBFBDD6ABEFBFBD3AEFBFBD44EFBFBDEFBFBD18EFBFBDEFBFBD0000200B652E61EFBFBD7AEFBFBD59EFBFBDEFBFBD087619EFBFBDEFBFBD18000064EFBFBDEFBFBD252C5AEFBFBD3AEFBFBDEFBFBD13EFBFBD2E63EFBFBD130300EFBFBD2CEFBFBDEFBFBDEFBFBD45EFBFBD55671D7A22EFBFBD650C76620000EFBFBDEFBFBD32EFBFBDEFBFBD68EFBFBDEFBFBD434F04EFBFBDEFBFBDEFBFBD4E0C0000EFBFBD50EFBFBD1216EFBFBD57EFBFBD75EFBFBD60EFBFBD31D88901004016EFBFBD5CC2A2EFBFBDEFBFBDEFBFBD0E3D11EFBFBD32063B310000EFBFBD42EFBFBD4B58EFBFBD5E75D6A127EFBFBD5DEFBFBD602706000059287309EFBFBDD6ABEFBFBD3AEFBFBD44EFBFBDEFBFBD18EFBFBDEFBFBD0000200B652E61EFBFBD7AEFBFBD59EFBFBDEFBFBD087619EFBFBDEFBFBD18000064EFBFBDEFBFBD252C5AEFBFBD3AEFBFBDEFBFBD13EFBFBD2E63EFBFBD130300EFBFBD2CEFBFBDEFBFBDEFBFBD45EFBFBD55671D7A22EFBFBD650C76620000EFBFBDEFBFBD32EFBFBDEFBFBD14EFBFBDEFBFBD5A5858EFBFBDEFBFBDEFBFBDEFBFBDEFBFBDEFBFBDEFBFBDEFBFBD64EFBFBDEFBFBDEFBFBDEFBFBD78EFBFBDDFABEFBFBDEFBFBD7A656525EFBFBD0DEFBFBD604FEFBFBD6027060000592873094BEFBFBD5BEFBFBDEFBFBDEFBFBD6BEFBFBDC9AE5DEFBFBD161717EFBFBDDAB00AEFBFBD740A76620000EFBFBDEFBFBD32EFBFBDEFBFBD14EFBFBDEFBFBDEFBFBD56EFBFBD575D75EFBFBDEFBFBD7CEFBFBDEFBFBD1B1F1FEFBFBD542A794F6D58057B3A053B310000EFBFBD42EFBFBD4B580AEFBFBD7AEFBFBD72EFBFBD2D575C71EFBFBD46EFBFBD70EFBFBD4D37EFBFBDEFBFBDEFBFBDEFBFBD3DEFBFBD2116EFBFBDEFBFBD14EFBFBDEFBFBD0000200B652E61EFBFBD7A6DDBB6EFBFBDEFBFBD2FEFBFBDD9B3EFBFBD542A55EFBFBDD5BC6734C4823DEFBFBDEFBFBDEFBFBD18000064EFBFBDEFBFBD252C5AEFBFBDEFBFBDEFBFBDEFBFBDEFBFBD2BEFBFBDEFBFBDEFBFBDEFBFBDEFBFBDEFBFBDEFBFBDEFBFBDC29051EFBFBDEFBFBD53EFBFBD130300EFBFBD2CEFBFBDEFBFBDEFBFBD45EFBFBD5573EFBFBD0D37EFBFBD23EFBFBDEFBFBD2732EFBFBD3DEFBFBDEFBFBDEFBFBD18000064EFBFBDEFBFBD252C5AEFBFBDEFBFBDEFBFBDEFBFBDEFBFBDEFBFBD3AEFBFBDEFBFBDEFBFBDEFBFBD3DEFBFBDEFBFBDEFBFBD18000064EFBFBDEFBFBD252C5AEFBFBD3AEFBFBDEFBFBD13EFBFBD2E63EFBFBD130300EFBFBD2CEFBFBDEFBFBDEFBFBD45EFBFBD5553EFBFBD54EFBFBDEFBFBDEFBFBDEFBFBD2EEFBFBDEFBFBD29D88901004016EFBFBD5CC2A2EFBFBDEFBFBD542A3B77EFBFBDEFBFBDEFBFBDEFBFBDEFBFBDEFBFBD29294346EFBFBDEFBFBD4EEFBFBD4E0C0000EFBFBD50EFBFBD12EFBFBDEFBFBDEFBFBD5EEFBFBD7CE1A1870FEFBFBD593F5BEFBFBD57CA9051EFBFBDEFBFBD53EFBFBD130300EFBFBD2CEFBFBDEFBFBDEFBFBDEFBFBDC8ADEFBFBDEFBFBD7CEFBFBD3EEFBFBD0C19057B3A053B310000EFBFBD42EFBFBD4B580AEFBFBD7A35EFBFBD0B52EFBFBDEFBFBD3DEFBFBDEFBFBDEFBFBD18000064EFBFBDEFBFBD252CEFBFBD6CEFBFBD5AEFBFBD0B52EFBFBDEFBFBDEFBFBD3CEFBFBDEFBFBDEFBFBDEFBFBDEFBFBDEFBFBDEFBFBDEFBFBD050000EFBFBD5EEFBFBDEFBFBD374516664FEFBFBD57EFBFBDEFBFBD0529431661EFBFBD4EEFBFBDEFBFBDEFBFBDEFBFBD5229EFBFBD59000040EFBFBD587F536461EFBFBDEFBFBDEFBFBDEFBFBD49EFBFBD2065EFBFBD6461EFBFBD4E4B4B4BEFBFBDEFBFBDEFBFBD79EFBFBD0200007A2FEFBFBDEFBFBDEFBFBD220BEFBFBD27EFBFBDEFBFBDEFBFBD0529C3A509EFBFBD74EFBFBD7751DEB30000EFBFBDEFBFBD0BEFBFBDEFBFBDEFBFBDEFBFBDEFBFBDEFBFBD09EFBFBDEFBFBDEFBFBD7C41EFBFBD7009EFBFBD3CEFBFBDEFBFBDEFBFBDEFBFBDEFBFBDEFBFBDEFBFBDEFBFBD050000EFBFBD5EEFBFBDEFBFBD374516664FEFBFBD73EFBFBDEFBFBD2F4819EFBFBD15EFBFBDE9B4B6EFBFBD562AEFBFBDEFBFBDEFBFBD6AEFBFBD130100EFBFBDEFBFBD0BEFBFBDEFBFBDEFBFBDEFBFBD02EFBFBD097BEFBFBD395FEFBFBDEFBFBDEFBFBD7BEFBFBDEFBFBD76E2A9A3475333EFBFBDEFBFBDCF9FD8BE7DEFBFBD1D070E4819EFBFBD15EFBFBDEFBFBD7FEFBFBDEFBFBDEFBFBD6FEFBFBD39EFBFBD590000405F04577F537001EFBFBDEFBFBDEFBFBDEFBFBDEFBFBD2FEFBFBDEFBFBDEFBFBDEFBFBD76EFBFBDEFBFBD6B4AEFBFBD29433D5F18EFBFBD48EFBFBDD0ADEFBFBD4EEFBFBD6AEFBFBD5A2AEFBFBDEFBFBDEFBFBDEFBFBDEFBFBD080000EFBFBD4558EFBFBD37EFBFBDEFBFBD13EFBFBD56EFBFBD7CEFBFBDEFBFBD2165D89C2F48192E4168EFBFBD53EFBFBD5CEFBFBDEFBFBDEFBFBDEFBFBD7B160000EFBFBD2F61EFBFBDEFBFBD105A4FEFBFBD43EFBFBDEFBFBDC28B274FEFBFBDEFBFBDEFBFBDEFBFBDEFBFBDEFBFBD46EFBFBDD09C2FD48CEFBFBDEFBFBD1E7BEFBFBD592943EFBFBDEFBFBD3AEFBFBDEFBFBDEFBFBDEFBFBD7FEFBFBD37EFBFBD3D0B0000E8A380EFBFBD6F4802EFBFBD097BEFBFBDEFBFBDEFBFBD77EFBFBDEFBFBD333636D69C321C7EEFBFBDEFBFBD7CEFBFBDEFBFBD7BEFBFBDEFBFBDEFBFBD1F3B17EFBFBDEFBFBD54EFBFBD56EFBFBDEFBFBD7C0100EFBFBDEFBFBD05517FC386407AEFBFBDEFBFBD6AEFBFBDEFBFBD11EFBFBD29EFBFBDEFBFBD5EEFBFBDEFBFBD4EEFBFBD0529437BEFBFBDEFBFBD4EEFBFBDEFBFBDEFBFBD7FEFBFBDEFBFBD52EFBFBDEFBFBDEFBFBD1100001441EFBFBDEFBFBD1C432DEFBFBDEFBFBDEFBFBDEFBFBD3AEFBFBD7EEFBFBDD494EFBFBDEFBFBD7C41EFBFBDEFBFBD465EEFBFBDEFBFBDEFBFBDEFBFBDEFBFBD6DEFBFBDEFBFBD363333532AEFBFBD6EEFBFBDEFBFBD667FEFBFBD1100EFBFBDEFBFBDEFBFBDEFBFBDEFBFBD63EFBFBD45163174EFBFBD2F6CEFBFBD326CEFBFBD2F6C4E19EFBFBDF296B7B4EFBFBD2A18EFBFBDDA81EFBFBDEFBFBDEFBFBD5B5C5C14EFBFBD0000502851EFBFBD73446024EFBFBDEFBFBD61EFBFBDCE9DEFBFBD1DEFBFBDD496EFBFBD407D7C7AEFBFBDEFBFBD2EEFBFBDEFBFBDEFBFBD66EFBFBDEFBFBDEFBFBD2E3B70EFBFBDEFBFBD3BEFBFBD42EFBFBD6AEFBFBD6DEFBFBD3B1DEFBFBDEFBFBD4E27000008EFBFBDEFBFBDEFBFBDEFBFBD44EFBFBD131E397264EFBFBDCE9DC79F3FEFBFBD653AEFBFBDEFBFBDEFBFBD11750DEFBFBD64EFBFBD660B535353EFBFBD57EFBFBD7BEFBFBD0312EFBFBDEFBFBD040000EFBFBD537F13EFBFBDEFBFBD7AEFBFBD4E52EFBFBD36EFBFBD42EFBFBD29EFBFBD7C21557CEFBFBD130000EFBFBD4CEFBFBD4D58EFBFBDEFBFBD09DBA70CEFBFBDEFBFBDEFBFBD65EFBFBD5DEFBFBD79EFBFBD205F6825EFBFBDEFBFBD090000EFBFBDEFBFBDEFBFBD262CEFBFBDEFBFBDEFBFBDEFBFBD52EFBFBDEFBFBD7C617474EFBFBD6FEFBFBDEFBFBD43EFBFBD7FEFBFBD313565EFBFBD2FEFBFBD11EFBFBDEFBFBD04000061527F13EFBFBDEFBFBD7BEFBFBDE694A155EFBFBD50EFBFBDEFBFBDEFBFBDEFBFBDEFBFBD684819EFBFBD0BEFBFBD457C3A010040EFBFBDEFBFBDDF8425EE9EB03965D8BBEFBFBD1DEFBFBDEFBFBD42EFBFBD6FEFBFBDDCBD7BEFBFBDEFBFBD274FEFBFBD173A14EFBFBDEFBFBD040000EFBFBD517F13EFBFBDEFBFBD7BEFBFBD36294343EFBFBDD09C32EFBFBD17EFBFBD15EFBFBDEFBFBD04000041517F13EFBFBD22EFBFBD29436AEFBFBDEFBFBD3965EFBFBD2F5CEFBFBD22EFBFBD4E0000100EEFBFBD376129484FD89C323CEFBFBDEFBFBDEFBFBD36EFBFBD49EFBFBDEFBFBDEFBFBD1FEFBFBD2F5CEFBFBDEFBFBDEFBFBD4E00001008EFBFBD3761294E4FEFBFBDEFBFBDEFBFBD2C5B0DEFBFBD4257EFBFBD733A01004008EFBFBDDF84EFBFBD503D61EFBFBD29EFBFBD7CEFBFBD5BEFBFBD3AEFBFBD00002077EFBFBD6FEFBFBD52EFBFBDEFBFBDEFBFBDEFBFBD41EFBFBD7009EFBFBD763A010040EFBFBDEFBFBDDF84EFBFBDEFBFBD3D612729EFBFBD7CEFBFBDEFBFBD14EFBFBD740200EFBFBD1CEFBFBDEFBFBD094B317BEFBFBDEFBFBD29EFBFBD7CEFBFBD15EFBFBD740200EFBFBDEFBFBDEFBFBDEFBFBD094B617BEFBFBD5629EFBFBD7C21EFBFBDC29E4E0000EFBFBD0BEFBFBD376129724FD89C32EFBFBD17322AEFBFBDEFBFBD040000EFBFBDEFBFBDEFBFBD262C05EFBFBD0937EFBFBD0CEFBFBDEFBFBD0A7E3A0100EFBFBDEFBFBDEFBFBDEFBFBD09EFBFBDEFBFBDEFBFBDEFBFBD323C75EFBFBDEFBFBD7C213BEFBFBD1300000CEFBFBDEFBFBDEFBFBDEFBFBDEFBFBD09EFBFBDEFBFBD2943EFBFBD54EFBFBD2F64EFBFBD740200EFBFBD41527F13163D615DEFBFBD5CEFBFBD7B0A31703A0100EFBFBD20EFBFBDEFBFBD09EFBFBDEFBFBDEFBFBDEFBFBDEFBFBD61244DEFBFBDEFBFBDEFBFBD7AEFBFBDEFBFBDEFBFBDEFBFBDEFBFBD27D8A316EFBFBDEFBFBD0000204AEFBFBD6FC2A227EFBFBDEFBFBD123174754FEFBFBD2462EFBFBD1FDBBBEFBFBDEFBFBDEFBFBD5C38330100EFBFBD22507F13163D615DEFBFBDEFBFBD6268750943EFBFBDEFBFBD0EEFBFBD60EFBFBD5AEFBFBD130300EFBFBD28EFBFBDEFBFBD09EFBFBDEFBFBDEFBFBDEFBFBD4F57313464071BEFBFBDEFBFBD7A4CEFBFBDEFBFBD067E0943EFBFBD740200EFBFBDEFBFBD527F13163D61EFBFBD25EFBFBD43271F5EEFBFBDEFBFBD0E1FEFBFBD74763544EE829A0C0000444FEFBFBD4D58EFBFBD75EFBFBDEFBFBD0EEFBFBD1720EFBFBDEFBFBD78EFBFBD550CCD9B4AEFBFBD4241EFBFBD00000034507F13163D61EFBFBD25470CEFBFBDEFBFBD2CEFBFBD4600EFBFBDEFBFBD77EFBFBD5034EFBFBD56EFBFBD182277414D060000EFBFBDEFBFBDEFBFBD262C7AC2BA5E5DEFBFBDEFBFBD70EFBFBD426AEFBFBDEFBFBDEFBFBD12EFBFBD3945EFBFBD024C1636EFBFBD392B0000EFBFBDEFBFBDEFBFBDEFBFBDEFBFBDEFBFBD09EFBFBD7A721543EFBFBD14315CEFBFBDCBB5EFBFBD10EFBFBDEFBFBDEFBFBD0778EFBFBD02EFBFBD120000444CEFBFBD4D58EFBFBD75D9AF6268F3A987862B145A6DEFBFBD393868EFBFBDDEA1D58D40EFBFBD361F0000EFBFBDEFBFBDEFBFBDEFBFBDEFBFBDEFBFBD09EFBFBD2E611D523FD190EFBFBD41EFBFBDEFBFBD27EFBFBDEFBFBDEFBFBD79EFBFBDEFBFBDEFBFBDEFBFBDEFBFBD3E3411EFBFBD4C0000EFBFBD08EFBFBDDF84454F58EFBFBD711DEFBFBDEFBFBD00EFBFBDEFBFBD57EFBFBD6423EFBFBD1EEFBFBD602706000051527F13163D61EFBFBD75EFBFBD09EFBFBD080000EFBFBDEFBFBDEFBFBD262C7AEFBFBD3AEFBFBDEFBFBD13EFBFBD1100000649EFBFBD4D58EFBFBD75D6A1272C2300000CEFBFBDEFBFBDEFBFBDEFBFBDEFBFBD09EFBFBD434F584600001824EFBFBD3761EFBFBD13EFBFBD59EFBFBDEFBFBDEFBFBDEFBFBD00003048EFBFBD6FC2A227EFBFBDEFBFBD0E3D6119010060EFBFBDEFBFBDDF84454F58671D7AEFBFBD320200EFBFBD20EFBFBDEFBFBD09EFBFBDEFBFBDEFBFBDEFBFBD3AEFBFBD650400EFBFBD41527F13EFBFBD22EFBFBDEFBFBD0B0B0BEFBFBDEFBFBD1F1D1DEFBFBDEFBFBDEFBFBDEFBFBDEFBFBD181F1FEFBFBDEFBFBD7BEFBFBDEFBFBD57EFBFBDEFBFBDEFBFBDEFBFBD3DEFBFBD6155EFBFBDEFBFBD090000064FEFBFBD4D58EFBFBDEFBFBD13EFBFBD75EFBFBD5D234D76EFBFBDDAB5EFBFBDEFBFBDEFBFBDEFBFBDD48655EFBFBD4F270000183CEFBFBD376129724F58EFBFBD56EFBFBDEFBFBDEFBFBDEFBFBDEFBFBDEFBFBD75EFBFBD5D373E3E5EEFBFBD54EFBFBDDAB02AEFBFBDEFBFBD040000EFBFBDEFBFBDEFBFBD262C05EFBFBD096FEFBFBDEFBFBD2BEFBFBDEFBFBD622362EFBFBDE9A69BEFBFBDEFBFBDEFBFBDEFBFBDEFBFBD102BEFBFBDEFBFBD04000003EFBFBDEFBFBD262C7AEFBFBD6DDBB6EFBFBDEFBFBD3D7BEFBFBDEFBFBD4AEFBFBD6AEFBFBDEFBFBDEFBFBDEFBFBDEFBFBDEFBFBDEFBFBD0900000649EFBFBD4D58EFBFBDEFBFBDEFBFBD7FEFBFBDEFBFBD575E595BEFBFBDEFBFBDEFBFBD697FEFBFBD2123EFBFBD1300000CEFBFBDEFBFBDEFBFBDEFBFBDEFBFBD096B6EEFBFBDEFBFBD7AC490EFBFBD44EFBFBDEFBFBDEFBFBD0900000649EFBFBD4D58EFBFBD356B6B6BEFBFBD75EFBFBD5DEFBFBDEFBFBD39EFBFBD000060EFBFBDEFBFBDDF84454F58671D7AEFBFBD320200EFBFBD20EFBFBDEFBFBD094B617BEFBFBD6AEFBFBDEFBFBDEFBFBDEFBFBDEFBFBD6FDFBEEFBFBDEFBFBDEFBFBDEFBFBD574D4F4FEFBFBDEE999FEFBFBD5F5B5BEFBFBD7BEFBFBD43EFBFBDEFBFBDEFBFBD130000EFBFBD42EFBFBD4D580AEFBFBD132E2E2EEFBFBDEFBFBDCC8C6C657272EFBFBDEFBFBDEFBFBD6FEFBFBD05135D29EFBFBDEFBFBD04000039527F13EFBFBDEFBFBDEFBFBDEFBFBDEFBFBD74EFBFBDEFBFBDEFBFBDEFBFBD3B76EFBFBDEFBFBD325CD8AC542AEFBFBDEFBFBDEFBFBDCE8918000060EFBFBDEFBFBDDF84EFBFBDEFBFBD42EFBFBDEFBFBDEFBFBDEFBFBD3DEFBFBDEFBFBDEFBFBD56EFBFBDEFBFBD72EFBFBDEFBFBD3AEFBFBD3FEFBFBDEFBFBD3FEFBFBDEFBFBDCE8FEFBFBD77EFBFBD531BEFBFBDEFBFBD7DEFBFBDEFBFBDDDBB1B1E39333353EFBFBD54EFBFBDDE892120620000EFBFBD41527F13EFBFBD5AEFBFBD7DEFBFBDC891EFBFBD67EFBFBD5F6B6B6B0D172FEFBFBDEFBFBD3DEFBFBDEFBFBDEFBFBDD1A367EFBFBDCFB61AC79F3FEFBFBDEFBFBD3EEFBFBDEFBFBDEFBFBDEFBFBDEFBFBDCD973344EFBFBD5019EFBFBDD6B9EFBFBD6279EFBFBD0200000A44EFBFBD4058EFBFBDEFBFBDEFBFBDEFBFBDEFBFBDEFBFBDEFBFBD451FEFBFBDEFBFBDEFBFBDEFBFBD4AEFBFBDEFBFBDEFBFBD607A7AEFBFBD7DEFBFBDEFBFBD1034EFBFBDEFBFBDEFBFBDEFBFBDEFBFBD78EFBFBDEFBFBDEFBFBDEFBFBD43EFBFBDEFBFBDDEA170EFBFBDEFBFBDEFBFBDEFBFBD31681B591E07EFBFBD251032294C542AEFBFBDEFBFBD22EFBFBD20EFBFBDEFBFBDEFBFBD5D0C29EFBFBDEFBFBDEFBFBDD5AD48EFBFBD2708EFBFBD73EFBFBD52EFBFBDEFBFBD34312EEFBFBDC4B8EFBFBDEFBFBDEFBFBD1E6AEFBFBDEFBFBD48EFBFBDEFBFBDEFBFBD45EFBFBDDD912209296210EFBFBD02EFBFBDEFBFBD05EFBFBDDD812009EFBFBDEFBFBDEFBFBDEFBFBDEFBFBD21122FEFBFBDEFBFBD63EFBFBD58EFBFBD3E066134EFBFBDEFBFBD7B0F35EFBFBDC79BEFBFBD4FEFBFBD3AEFBFBD5E0000EFBFBD1C1131502CEFBFBD6673676727EFBFBD5EEFBFBDEFBFBDEFBFBD783CEFBFBD7FEFBFBDEFBFBDEFBFBDEFBFBD07EFBFBD0BEFBFBDD7B7EFBFBDEFBFBD2DEFBFBDEFBFBDEFBFBDEFBFBD41EFBFBDEFBFBDEFBFBDEFBFBDEFBFBDEFBFBDEFBFBDEFBFBD7ADEBD0000EFBFBD392262EFBFBD58767676EFBFBDEFBFBD66DEBD3829EFBFBD4623EFBFBD0BEFBFBDEFBFBDEFBFBD7D42EFBFBDEFBFBD5E4FEFBFBD3E2BEFBFBD4A693B2B2B2B790FEFBFBDEFBFBDEFBFBD5FEFBFBDEFBFBD0B0000EFBFBD232206EFBFBD65301854EFBFBDD5BC7B7122EFBFBDEFBFBDEFBFBD31EFBFBD2F4C5E0F1E3E0AEFBFBDEFBFBDEFBFBDEFBFBD075744EFBFBD7AEFBFBDEFBFBDEFBFBDEFBFBDEFBFBD0B0000EFBFBD2322060A67564F7C4CEFBFBD15EFBFBD5F3866EFBFBDEFBFBD5EEFBFBD5CEFBFBD72EFBFBD3C3FEFBFBD3E3FEFBFBDEFBFBDEFBFBD61EFBFBD52312D0000304D22060AEFBFBDEFBFBD6EEFBFBDEFBFBDEFBFBDEFBFBDDD8BEFBFBD753AEFBFBD7046EFBFBD4F3FEFBFBDEFBFBD49EFBFBDEFBFBDEFBFBDEFBFBDEFBFBD506362EFBFBD66EFBFBD66EFBFBD57040000052762EFBFBD70EFBFBDEFBFBDEFBFBDEFBFBD62EFBFBDEFBFBDEFBFBD12EFBFBD5366EFBFBD2FEFBFBDEFBFBD5FEFBFBDEFBFBD266DEFBFBD542AEFBFBD3DEFBFBD02EFBFBDC99F10000014EFBFBDEFBFBDEFBFBD22EFBFBDEFBFBDEFBFBDEFBFBD74EFBFBDEFBFBD68340AEFBFBD2664EFBFBDEFBFBD215CEFBFBDEFBFBDEFBFBDEFBFBDEFBFBDEFBFBDEFBFBD62EFBFBD1F65EFBFBDEFBFBD00004061EFBFBD1828EFBFBD38EFBFBD4FEFBFBD46EFBFBD4EEFBFBD73707070EFBFBD64EFBFBD1BEFBFBD3F64EFBFBD2F24EFBFBD575FEFBFBD396DEFBFBDEFBFBD6A7D6CEFBFBD6652EFBFBDEFBFBD5E5B5BCBBB17000030EFBFBD440C1457EFBFBD66EFBFBDEFBFBDEFBFBDEFBFBD28EFBFBDEFBFBD7F2F5FEFBFBD4CEFBFBDEFBFBD0B0B0BEFBFBDEFBFBDEFBFBDEFBFBDEFBFBD4D56EFBFBD5915EFBFBD78EFBFBDEFBFBDEFBFBDEFBFBD1FEFBFBDC697EFBFBDEFBFBD271FEFBFBDEFBFBDEFBFBDEFBFBDDBB7EFBFBD5B172F5EEFBFBDEFBFBDEFBFBD613C1E37EFBFBD4DEFBFBD020000EFBFBD45EFBFBD40EFBFBDEFBFBD7AEFBFBD4AEFBFBD12EFBFBD71EFBFBDDFAB4F16EFBFBD67CE9C49EFBFBDEFBFBD67CF9EEFBFBD76EFBFBDEFBFBDE492BE5EEFBFBDEFBFBDEFBFBD1E3C7CEFBFBD79C4B03F1CEFBFBDEFBFBD271315EFBFBDEFBFBDEFBFBDEFBFBD1D45513860EFBFBD5C2E177C02EFBFBD69341AEFBFBDEFBFBDEFBFBD6406EFBFBD1F0100003912315074EFBFBDEFBFBD31EFBFBDEFBFBD64EFBFBDEFBFBD2CD4933F0A7BEFBFBD4028EFBFBD3A7FEFBFBDEFBFBDEFBFBD3B77D2A2EFBFBDEFBFBD5CE593A7EFBFBD32EFBFBD18EFBFBD2B3C3479EFBFBD6030EFBFBD7AEFBFBDEFBFBD644FEFBFBDEFBFBDEFBFBD27D38759EFBFBDEFBFBD18363737575757EFBFBD01EFBFBDEFBFBDEFBFBDEFBFBD76EFBFBD020000EFBFBD2762EFBFBD7448EFBFBDEFBFBD5E2FEFBFBDEFBFBD50EFBFBDEFBFBD1409EFBFBDEFBFBDEFBFBD707812114368EFBFBD344EEFBFBD7124EFBFBD6DEFBFBD5AEFBFBD6EEFBFBD54EFBFBD4D030000334FEFBFBD00D9B870EFBFBD4258EFBFBDEFBFBDEFBFBD2A59000F06EFBFBDEFBFBD56EFBFBD5A4DEFBFBD7FEFBFBDEFBFBD7712114378272279EFBFBDEFBFBDEFBFBDEFBFBDCD9B372F5FEFBFBD1C3AEFBFBDEFBFBDEFBFBDEFBFBDEFBFBDEFBFBDEFBFBDEFBFBDEFBFBD000000EFBFBD4FEFBFBD0019086529EFBFBDEFBFBDEFBFBDDDBB77EFBFBDEFBFBD4EEFBFBD13EFBFBDEFBFBD05EFBFBDEFBFBDEFBFBD63EFBFBDEFBFBDC2BFEFBFBDEFBFBDEFBFBDEFBFBDEFBFBD52EFBFBD14EFBFBDEFBFBDEFBFBDEFBFBD1617172F5DEFBFBDEFBFBDEFBFBD3A77EFBFBD5CEFBFBDEFBFBD060000EFBFBDEFBFBD113140065EEFBFBD7A154551EFBFBD5EEFBFBD542AEFBFBD56EFBFBD7DEFBFBDEFBFBD66335DEFBFBDEFBFBDEFBFBDEFBFBDEFBFBD3C6278EFBFBDEFBFBDEFBFBD36EFBFBDEFBFBD56EFBFBDEFBFBD781CEFBFBDEFBFBD2B57EFBFBDEFBFBDEFBFBDEFBFBDCF9F4F774A0000EFBFBDEFBFBD2362EFBFBD6C74EFBFBDDD9DEFBFBDEFBFBD236B436E6E6EEFBFBD29EFBFBDEFBFBD5FEFBFBD29EFBFBDEFBFBDEFBFBDEFBFBD46EFBFBD78EFBFBDEFBFBD78EFBFBDEFBFBD497FEFBFBD5E257D3BEFBFBDEFBFBD030000734FEFBFBD00276E3018EFBFBD77195EEFBFBD79EFBFBD6DEFBFBD70EFBFBDC68DEFBFBD71EFBFBD1A0100EFBFBD7CEFBFBD18601A2AEFBFBD4A1A04EFBFBDEFBFBD7EEFBFBD61EFBFBDEFBFBD3F1CEFBFBD631D5555000000EFBFBD2562EFBFBD6968EFBFBD5A691050EFBFBDEFBFBD32EFBFBDEFBFBDEFBFBDEFBFBDEFBFBD3F0F352CEFBFBD1E22000030EFBFBD440C300DEFBFBDD1A85C2EEFBFBD71EFBFBDEFBFBDEFBFBDEFBFBD4CEFBFBDEFBFBDEFBFBD610BEFBFBDEFBFBD1C0100EFBFBDDC8918604AEFBFBDEFBFBD761A07445174EFBFBDEFBFBDEFBFBDEFBFBD61EFBFBD2CEFBFBDEFBFBDEFBFBDEFBFBD1E1C0000EFBFBDEFBFBD01EFBFBD687979390D05EFBFBDEFBFBDEFBFBDEFBFBD70EFBFBDEFBFBDEFBFBDEFBFBDEFBFBD376F6BEFBFBD5A68EFBFBDEFBFBDEFBFBD30EFBFBD010000EFBFBD1860EFBFBD0E0E0E4AEFBFBD52EFBFBD06EFBFBD3C7DEFBFBD09EFBFBDEFBFBD4F3FEFBFBD12EFBFBD28EFBFBDEFBFBDEFBFBD7EEFBFBDEFBFBD020000EFBFBD1F11034C55EFBFBDEFBFBD0F07284451747F6BEFBFBD63EFBFBD5F08EFBFBD4724EFBFBDEFBFBD76EFBFBD03020000EFBFBDEFBFBDEFBFBD01EFBFBDEFBFBDEFBFBDED86BD0C69EFBFBDEFBFBD070F1F7DEFBFBDEFBFBD3F7EEFBFBDEFBFBD6713EFBFBD0B000040EFBFBDEFBFBD182007EFBFBDEFBFBDEFBFBD5AEFBFBD4EEFBFBD05EFBFBD5AEFBFBDEFBFBDEFBFBDEFBFBD626FEFBFBDEFBFBD64EFBFBDEFBFBDEFBFBDD6AD5BEFBFBD26EFBFBDEFBFBD542A793F020000281A1103EFBFBD63341AEFBFBD711C45EFBFBD6747EFBFBD7EEFBFBDEFBFBDEFBFBDEFBFBD6A341AEFBFBD770400000A48EFBFBD00793A3C3C6C36EFBFBD474609EFBFBD5B595979EFBFBDEFBFBD71EFBFBD5D06000038EFBFBDEFBFBD01EFBFBD371EEFBFBD3BEFBFBD4EEFBFBDEFBFBD5C5A5A7A2756EFBFBD542AEFBFBDEFBFBDEFBFBDEFBFBDEFBFBDEFBFBD762E000000052762000000003220620000000032206200000000322062000000003220620000000032EFBFBD5FEFBFBD0CEFBFBD5F087D3F0000000049454E44EFBFBD4260EFBFBD, 0);

-- ----------------------------
-- Table structure for act_ge_property
-- ----------------------------
DROP TABLE IF EXISTS `act_ge_property`;
CREATE TABLE `act_ge_property`  (
  `NAME_` varchar(64) CHARACTER SET utf8 COLLATE utf8_bin NOT NULL DEFAULT '',
  `VALUE_` varchar(300) CHARACTER SET utf8 COLLATE utf8_bin NULL DEFAULT NULL,
  `REV_` int NULL DEFAULT NULL,
  PRIMARY KEY (`NAME_`) USING BTREE
) ENGINE = InnoDB CHARACTER SET = utf8 COLLATE = utf8_bin ROW_FORMAT = Dynamic;

-- ----------------------------
-- Records of act_ge_property
-- ----------------------------
INSERT INTO `act_ge_property` VALUES ('next.dbid', '3601', 37);
INSERT INTO `act_ge_property` VALUES ('schema.history', 'create(5.14)', 1);
INSERT INTO `act_ge_property` VALUES ('schema.version', '5.14', 1);

-- ----------------------------
-- Table structure for act_hi_actinst
-- ----------------------------
DROP TABLE IF EXISTS `act_hi_actinst`;
CREATE TABLE `act_hi_actinst`  (
  `ID_` varchar(64) CHARACTER SET utf8 COLLATE utf8_bin NOT NULL,
  `PROC_DEF_ID_` varchar(64) CHARACTER SET utf8 COLLATE utf8_bin NOT NULL,
  `PROC_INST_ID_` varchar(64) CHARACTER SET utf8 COLLATE utf8_bin NOT NULL,
  `EXECUTION_ID_` varchar(64) CHARACTER SET utf8 COLLATE utf8_bin NOT NULL,
  `ACT_ID_` varchar(255) CHARACTER SET utf8 COLLATE utf8_bin NOT NULL,
  `TASK_ID_` varchar(64) CHARACTER SET utf8 COLLATE utf8_bin NULL DEFAULT NULL,
  `CALL_PROC_INST_ID_` varchar(64) CHARACTER SET utf8 COLLATE utf8_bin NULL DEFAULT NULL,
  `ACT_NAME_` varchar(255) CHARACTER SET utf8 COLLATE utf8_bin NULL DEFAULT NULL,
  `ACT_TYPE_` varchar(255) CHARACTER SET utf8 COLLATE utf8_bin NOT NULL,
  `ASSIGNEE_` varchar(255) CHARACTER SET utf8 COLLATE utf8_bin NULL DEFAULT NULL,
  `START_TIME_` datetime NOT NULL,
  `END_TIME_` datetime NULL DEFAULT NULL,
  `DURATION_` bigint NULL DEFAULT NULL,
  PRIMARY KEY (`ID_`) USING BTREE,
  INDEX `ACT_IDX_HI_ACT_INST_START`(`START_TIME_`) USING BTREE,
  INDEX `ACT_IDX_HI_ACT_INST_END`(`END_TIME_`) USING BTREE,
  INDEX `ACT_IDX_HI_ACT_INST_PROCINST`(`PROC_INST_ID_`, `ACT_ID_`) USING BTREE,
  INDEX `ACT_IDX_HI_ACT_INST_EXEC`(`EXECUTION_ID_`, `ACT_ID_`) USING BTREE
) ENGINE = InnoDB CHARACTER SET = utf8 COLLATE = utf8_bin ROW_FORMAT = Dynamic;

-- ----------------------------
-- Records of act_hi_actinst
-- ----------------------------
INSERT INTO `act_hi_actinst` VALUES ('3502', 'LeaveBill:1:3404', '3501', '3501', 'start_event', NULL, NULL, 'Start', 'startEvent', NULL, '2021-12-12 16:47:08', '2021-12-12 16:47:08', 14);
INSERT INTO `act_hi_actinst` VALUES ('3510', 'LeaveBill:1:3404', '3501', '3501', 'submitTask', '3511', NULL, '', 'userTask', 'u07', '2021-12-12 16:47:08', '2021-12-12 16:47:08', 994);
INSERT INTO `act_hi_actinst` VALUES ('3513', 'LeaveBill:1:3404', '3501', '3501', 'exclusivegateway1', NULL, NULL, 'Exclusive Gateway', 'exclusiveGateway', NULL, '2021-12-12 16:47:08', '2021-12-12 16:47:08', 3);
INSERT INTO `act_hi_actinst` VALUES ('3514', 'LeaveBill:1:3404', '3501', '3501', 'managerTask', '3515', NULL, '', 'userTask', 'u06', '2021-12-12 16:47:08', '2021-12-12 16:47:30', 22040);
INSERT INTO `act_hi_actinst` VALUES ('3522', 'LeaveBill:1:3404', '3501', '3501', 'exc_gway_man', NULL, NULL, '', 'exclusiveGateway', NULL, '2021-12-12 16:47:30', '2021-12-12 16:47:30', 0);
INSERT INTO `act_hi_actinst` VALUES ('3523', 'LeaveBill:1:3404', '3501', '3501', 'end_event', NULL, NULL, 'End', 'endEvent', NULL, '2021-12-12 16:47:30', '2021-12-12 16:47:30', 6);

-- ----------------------------
-- Table structure for act_hi_attachment
-- ----------------------------
DROP TABLE IF EXISTS `act_hi_attachment`;
CREATE TABLE `act_hi_attachment`  (
  `ID_` varchar(64) CHARACTER SET utf8 COLLATE utf8_bin NOT NULL,
  `REV_` int NULL DEFAULT NULL,
  `USER_ID_` varchar(255) CHARACTER SET utf8 COLLATE utf8_bin NULL DEFAULT NULL,
  `NAME_` varchar(255) CHARACTER SET utf8 COLLATE utf8_bin NULL DEFAULT NULL,
  `DESCRIPTION_` varchar(4000) CHARACTER SET utf8 COLLATE utf8_bin NULL DEFAULT NULL,
  `TYPE_` varchar(255) CHARACTER SET utf8 COLLATE utf8_bin NULL DEFAULT NULL,
  `TASK_ID_` varchar(64) CHARACTER SET utf8 COLLATE utf8_bin NULL DEFAULT NULL,
  `PROC_INST_ID_` varchar(64) CHARACTER SET utf8 COLLATE utf8_bin NULL DEFAULT NULL,
  `URL_` varchar(4000) CHARACTER SET utf8 COLLATE utf8_bin NULL DEFAULT NULL,
  `CONTENT_ID_` varchar(64) CHARACTER SET utf8 COLLATE utf8_bin NULL DEFAULT NULL,
  PRIMARY KEY (`ID_`) USING BTREE
) ENGINE = InnoDB CHARACTER SET = utf8 COLLATE = utf8_bin ROW_FORMAT = Dynamic;

-- ----------------------------
-- Records of act_hi_attachment
-- ----------------------------

-- ----------------------------
-- Table structure for act_hi_comment
-- ----------------------------
DROP TABLE IF EXISTS `act_hi_comment`;
CREATE TABLE `act_hi_comment`  (
  `ID_` varchar(64) CHARACTER SET utf8 COLLATE utf8_bin NOT NULL,
  `TYPE_` varchar(255) CHARACTER SET utf8 COLLATE utf8_bin NULL DEFAULT NULL,
  `TIME_` datetime NOT NULL,
  `USER_ID_` varchar(255) CHARACTER SET utf8 COLLATE utf8_bin NULL DEFAULT NULL,
  `TASK_ID_` varchar(64) CHARACTER SET utf8 COLLATE utf8_bin NULL DEFAULT NULL,
  `PROC_INST_ID_` varchar(64) CHARACTER SET utf8 COLLATE utf8_bin NULL DEFAULT NULL,
  `ACTION_` varchar(255) CHARACTER SET utf8 COLLATE utf8_bin NULL DEFAULT NULL,
  `MESSAGE_` varchar(4000) CHARACTER SET utf8 COLLATE utf8_bin NULL DEFAULT NULL,
  `FULL_MSG_` longblob NULL,
  PRIMARY KEY (`ID_`) USING BTREE
) ENGINE = InnoDB CHARACTER SET = utf8 COLLATE = utf8_bin ROW_FORMAT = Dynamic;

-- ----------------------------
-- Records of act_hi_comment
-- ----------------------------

-- ----------------------------
-- Table structure for act_hi_detail
-- ----------------------------
DROP TABLE IF EXISTS `act_hi_detail`;
CREATE TABLE `act_hi_detail`  (
  `ID_` varchar(64) CHARACTER SET utf8 COLLATE utf8_bin NOT NULL,
  `TYPE_` varchar(255) CHARACTER SET utf8 COLLATE utf8_bin NOT NULL,
  `PROC_INST_ID_` varchar(64) CHARACTER SET utf8 COLLATE utf8_bin NULL DEFAULT NULL,
  `EXECUTION_ID_` varchar(64) CHARACTER SET utf8 COLLATE utf8_bin NULL DEFAULT NULL,
  `TASK_ID_` varchar(64) CHARACTER SET utf8 COLLATE utf8_bin NULL DEFAULT NULL,
  `ACT_INST_ID_` varchar(64) CHARACTER SET utf8 COLLATE utf8_bin NULL DEFAULT NULL,
  `NAME_` varchar(255) CHARACTER SET utf8 COLLATE utf8_bin NOT NULL,
  `VAR_TYPE_` varchar(255) CHARACTER SET utf8 COLLATE utf8_bin NULL DEFAULT NULL,
  `REV_` int NULL DEFAULT NULL,
  `TIME_` datetime NOT NULL,
  `BYTEARRAY_ID_` varchar(64) CHARACTER SET utf8 COLLATE utf8_bin NULL DEFAULT NULL,
  `DOUBLE_` double NULL DEFAULT NULL,
  `LONG_` bigint NULL DEFAULT NULL,
  `TEXT_` varchar(4000) CHARACTER SET utf8 COLLATE utf8_bin NULL DEFAULT NULL,
  `TEXT2_` varchar(4000) CHARACTER SET utf8 COLLATE utf8_bin NULL DEFAULT NULL,
  PRIMARY KEY (`ID_`) USING BTREE,
  INDEX `ACT_IDX_HI_DETAIL_PROC_INST`(`PROC_INST_ID_`) USING BTREE,
  INDEX `ACT_IDX_HI_DETAIL_ACT_INST`(`ACT_INST_ID_`) USING BTREE,
  INDEX `ACT_IDX_HI_DETAIL_TIME`(`TIME_`) USING BTREE,
  INDEX `ACT_IDX_HI_DETAIL_NAME`(`NAME_`) USING BTREE,
  INDEX `ACT_IDX_HI_DETAIL_TASK_ID`(`TASK_ID_`) USING BTREE
) ENGINE = InnoDB CHARACTER SET = utf8 COLLATE = utf8_bin ROW_FORMAT = Dynamic;

-- ----------------------------
-- Records of act_hi_detail
-- ----------------------------

-- ----------------------------
-- Table structure for act_hi_identitylink
-- ----------------------------
DROP TABLE IF EXISTS `act_hi_identitylink`;
CREATE TABLE `act_hi_identitylink`  (
  `ID_` varchar(64) CHARACTER SET utf8 COLLATE utf8_bin NOT NULL DEFAULT '',
  `GROUP_ID_` varchar(255) CHARACTER SET utf8 COLLATE utf8_bin NULL DEFAULT NULL,
  `TYPE_` varchar(255) CHARACTER SET utf8 COLLATE utf8_bin NULL DEFAULT NULL,
  `USER_ID_` varchar(255) CHARACTER SET utf8 COLLATE utf8_bin NULL DEFAULT NULL,
  `TASK_ID_` varchar(64) CHARACTER SET utf8 COLLATE utf8_bin NULL DEFAULT NULL,
  `PROC_INST_ID_` varchar(64) CHARACTER SET utf8 COLLATE utf8_bin NULL DEFAULT NULL,
  PRIMARY KEY (`ID_`) USING BTREE,
  INDEX `ACT_IDX_HI_IDENT_LNK_USER`(`USER_ID_`) USING BTREE,
  INDEX `ACT_IDX_HI_IDENT_LNK_TASK`(`TASK_ID_`) USING BTREE,
  INDEX `ACT_IDX_HI_IDENT_LNK_PROCINST`(`PROC_INST_ID_`) USING BTREE
) ENGINE = InnoDB CHARACTER SET = utf8 COLLATE = utf8_bin ROW_FORMAT = Dynamic;

-- ----------------------------
-- Records of act_hi_identitylink
-- ----------------------------
INSERT INTO `act_hi_identitylink` VALUES ('3512', NULL, 'participant', 'u07', NULL, '3501');
INSERT INTO `act_hi_identitylink` VALUES ('3516', NULL, 'participant', 'u06', NULL, '3501');

-- ----------------------------
-- Table structure for act_hi_procinst
-- ----------------------------
DROP TABLE IF EXISTS `act_hi_procinst`;
CREATE TABLE `act_hi_procinst`  (
  `ID_` varchar(64) CHARACTER SET utf8 COLLATE utf8_bin NOT NULL,
  `PROC_INST_ID_` varchar(64) CHARACTER SET utf8 COLLATE utf8_bin NOT NULL,
  `BUSINESS_KEY_` varchar(255) CHARACTER SET utf8 COLLATE utf8_bin NULL DEFAULT NULL,
  `PROC_DEF_ID_` varchar(64) CHARACTER SET utf8 COLLATE utf8_bin NOT NULL,
  `START_TIME_` datetime NOT NULL,
  `END_TIME_` datetime NULL DEFAULT NULL,
  `DURATION_` bigint NULL DEFAULT NULL,
  `START_USER_ID_` varchar(255) CHARACTER SET utf8 COLLATE utf8_bin NULL DEFAULT NULL,
  `START_ACT_ID_` varchar(255) CHARACTER SET utf8 COLLATE utf8_bin NULL DEFAULT NULL,
  `END_ACT_ID_` varchar(255) CHARACTER SET utf8 COLLATE utf8_bin NULL DEFAULT NULL,
  `SUPER_PROCESS_INSTANCE_ID_` varchar(64) CHARACTER SET utf8 COLLATE utf8_bin NULL DEFAULT NULL,
  `DELETE_REASON_` varchar(4000) CHARACTER SET utf8 COLLATE utf8_bin NULL DEFAULT NULL,
  PRIMARY KEY (`ID_`) USING BTREE,
  UNIQUE INDEX `PROC_INST_ID_`(`PROC_INST_ID_`) USING BTREE,
  UNIQUE INDEX `ACT_UNIQ_HI_BUS_KEY`(`PROC_DEF_ID_`, `BUSINESS_KEY_`) USING BTREE,
  INDEX `ACT_IDX_HI_PRO_INST_END`(`END_TIME_`) USING BTREE,
  INDEX `ACT_IDX_HI_PRO_I_BUSKEY`(`BUSINESS_KEY_`) USING BTREE
) ENGINE = InnoDB CHARACTER SET = utf8 COLLATE = utf8_bin ROW_FORMAT = Dynamic;

-- ----------------------------
-- Records of act_hi_procinst
-- ----------------------------
INSERT INTO `act_hi_procinst` VALUES ('3501', '3501', NULL, 'LeaveBill:1:3404', '2021-12-12 16:47:08', '2021-12-12 16:47:30', 22047, NULL, 'start_event', 'end_event', NULL, NULL);

-- ----------------------------
-- Table structure for act_hi_taskinst
-- ----------------------------
DROP TABLE IF EXISTS `act_hi_taskinst`;
CREATE TABLE `act_hi_taskinst`  (
  `ID_` varchar(64) CHARACTER SET utf8 COLLATE utf8_bin NOT NULL,
  `PROC_DEF_ID_` varchar(64) CHARACTER SET utf8 COLLATE utf8_bin NULL DEFAULT NULL,
  `TASK_DEF_KEY_` varchar(255) CHARACTER SET utf8 COLLATE utf8_bin NULL DEFAULT NULL,
  `PROC_INST_ID_` varchar(64) CHARACTER SET utf8 COLLATE utf8_bin NULL DEFAULT NULL,
  `EXECUTION_ID_` varchar(64) CHARACTER SET utf8 COLLATE utf8_bin NULL DEFAULT NULL,
  `NAME_` varchar(255) CHARACTER SET utf8 COLLATE utf8_bin NULL DEFAULT NULL,
  `PARENT_TASK_ID_` varchar(64) CHARACTER SET utf8 COLLATE utf8_bin NULL DEFAULT NULL,
  `DESCRIPTION_` varchar(4000) CHARACTER SET utf8 COLLATE utf8_bin NULL DEFAULT NULL,
  `OWNER_` varchar(255) CHARACTER SET utf8 COLLATE utf8_bin NULL DEFAULT NULL,
  `ASSIGNEE_` varchar(255) CHARACTER SET utf8 COLLATE utf8_bin NULL DEFAULT NULL,
  `START_TIME_` datetime NOT NULL,
  `CLAIM_TIME_` datetime NULL DEFAULT NULL,
  `END_TIME_` datetime NULL DEFAULT NULL,
  `DURATION_` bigint NULL DEFAULT NULL,
  `DELETE_REASON_` varchar(4000) CHARACTER SET utf8 COLLATE utf8_bin NULL DEFAULT NULL,
  `PRIORITY_` int NULL DEFAULT NULL,
  `DUE_DATE_` datetime NULL DEFAULT NULL,
  `FORM_KEY_` varchar(255) CHARACTER SET utf8 COLLATE utf8_bin NULL DEFAULT NULL,
  PRIMARY KEY (`ID_`) USING BTREE
) ENGINE = InnoDB CHARACTER SET = utf8 COLLATE = utf8_bin ROW_FORMAT = Dynamic;

-- ----------------------------
-- Records of act_hi_taskinst
-- ----------------------------
INSERT INTO `act_hi_taskinst` VALUES ('3511', 'LeaveBill:1:3404', 'submitTask', '3501', '3501', '', NULL, NULL, NULL, 'u07', '2021-12-12 16:47:08', NULL, '2021-12-12 16:47:08', 988, 'completed', 50, NULL, 'workflowAction_audit.action');
INSERT INTO `act_hi_taskinst` VALUES ('3515', 'LeaveBill:1:3404', 'managerTask', '3501', '3501', '', NULL, NULL, NULL, 'u06', '2021-12-12 16:47:08', NULL, '2021-12-12 16:47:30', 22038, 'completed', 50, NULL, 'workflowAction_audit.action');

-- ----------------------------
-- Table structure for act_hi_varinst
-- ----------------------------
DROP TABLE IF EXISTS `act_hi_varinst`;
CREATE TABLE `act_hi_varinst`  (
  `ID_` varchar(64) CHARACTER SET utf8 COLLATE utf8_bin NOT NULL,
  `PROC_INST_ID_` varchar(64) CHARACTER SET utf8 COLLATE utf8_bin NULL DEFAULT NULL,
  `EXECUTION_ID_` varchar(64) CHARACTER SET utf8 COLLATE utf8_bin NULL DEFAULT NULL,
  `TASK_ID_` varchar(64) CHARACTER SET utf8 COLLATE utf8_bin NULL DEFAULT NULL,
  `NAME_` varchar(255) CHARACTER SET utf8 COLLATE utf8_bin NOT NULL,
  `VAR_TYPE_` varchar(100) CHARACTER SET utf8 COLLATE utf8_bin NULL DEFAULT NULL,
  `REV_` int NULL DEFAULT NULL,
  `BYTEARRAY_ID_` varchar(64) CHARACTER SET utf8 COLLATE utf8_bin NULL DEFAULT NULL,
  `DOUBLE_` double NULL DEFAULT NULL,
  `LONG_` bigint NULL DEFAULT NULL,
  `TEXT_` varchar(4000) CHARACTER SET utf8 COLLATE utf8_bin NULL DEFAULT NULL,
  `TEXT2_` varchar(4000) CHARACTER SET utf8 COLLATE utf8_bin NULL DEFAULT NULL,
  PRIMARY KEY (`ID_`) USING BTREE,
  INDEX `ACT_IDX_HI_PROCVAR_PROC_INST`(`PROC_INST_ID_`) USING BTREE,
  INDEX `ACT_IDX_HI_PROCVAR_NAME_TYPE`(`NAME_`, `VAR_TYPE_`) USING BTREE
) ENGINE = InnoDB CHARACTER SET = utf8 COLLATE = utf8_bin ROW_FORMAT = Dynamic;

-- ----------------------------
-- Records of act_hi_varinst
-- ----------------------------
INSERT INTO `act_hi_varinst` VALUES ('3503', '3501', '3501', NULL, 'cancel', 'string', 0, NULL, NULL, NULL, 'false', NULL);
INSERT INTO `act_hi_varinst` VALUES ('3504', '3501', '3501', NULL, 'reason', 'string', 0, NULL, NULL, NULL, '111111', NULL);
INSERT INTO `act_hi_varinst` VALUES ('3505', '3501', '3501', NULL, 'leaveType', 'string', 0, NULL, NULL, NULL, '', NULL);
INSERT INTO `act_hi_varinst` VALUES ('3506', '3501', '3501', NULL, 'endDate', 'string', 0, NULL, NULL, NULL, '2019-10-05', NULL);
INSERT INTO `act_hi_varinst` VALUES ('3507', '3501', '3501', NULL, 'days', 'integer', 0, NULL, NULL, 2, '2', NULL);
INSERT INTO `act_hi_varinst` VALUES ('3508', '3501', '3501', NULL, 'inputUser', 'string', 0, NULL, NULL, NULL, 'u07', NULL);
INSERT INTO `act_hi_varinst` VALUES ('3509', '3501', '3501', NULL, 'startDate', 'string', 0, NULL, NULL, NULL, '2019-10-03', NULL);
INSERT INTO `act_hi_varinst` VALUES ('3517', '3501', '3501', NULL, 'deptId', 'string', 0, NULL, NULL, NULL, '', NULL);
INSERT INTO `act_hi_varinst` VALUES ('3518', '3501', '3501', NULL, 'appFlag', 'string', 0, NULL, NULL, NULL, 'true', NULL);
INSERT INTO `act_hi_varinst` VALUES ('3519', '3501', '3501', NULL, 'refuseReason', 'string', 0, NULL, NULL, NULL, '', NULL);
INSERT INTO `act_hi_varinst` VALUES ('3520', '3501', '3501', NULL, 'taskId', 'string', 0, NULL, NULL, NULL, '3515', NULL);
INSERT INTO `act_hi_varinst` VALUES ('3521', '3501', '3501', NULL, 'deptApp', 'string', 0, NULL, NULL, NULL, 'true', NULL);

-- ----------------------------
-- Table structure for act_id_group
-- ----------------------------
DROP TABLE IF EXISTS `act_id_group`;
CREATE TABLE `act_id_group`  (
  `ID_` varchar(64) CHARACTER SET utf8 COLLATE utf8_bin NOT NULL DEFAULT '',
  `REV_` int NULL DEFAULT NULL,
  `NAME_` varchar(255) CHARACTER SET utf8 COLLATE utf8_bin NULL DEFAULT NULL,
  `TYPE_` varchar(255) CHARACTER SET utf8 COLLATE utf8_bin NULL DEFAULT NULL,
  PRIMARY KEY (`ID_`) USING BTREE
) ENGINE = InnoDB CHARACTER SET = utf8 COLLATE = utf8_bin ROW_FORMAT = Dynamic;

-- ----------------------------
-- Records of act_id_group
-- ----------------------------

-- ----------------------------
-- Table structure for act_id_info
-- ----------------------------
DROP TABLE IF EXISTS `act_id_info`;
CREATE TABLE `act_id_info`  (
  `ID_` varchar(64) CHARACTER SET utf8 COLLATE utf8_bin NOT NULL DEFAULT '',
  `REV_` int NULL DEFAULT NULL,
  `USER_ID_` varchar(64) CHARACTER SET utf8 COLLATE utf8_bin NULL DEFAULT NULL,
  `TYPE_` varchar(64) CHARACTER SET utf8 COLLATE utf8_bin NULL DEFAULT NULL,
  `KEY_` varchar(255) CHARACTER SET utf8 COLLATE utf8_bin NULL DEFAULT NULL,
  `VALUE_` varchar(255) CHARACTER SET utf8 COLLATE utf8_bin NULL DEFAULT NULL,
  `PASSWORD_` longblob NULL,
  `PARENT_ID_` varchar(255) CHARACTER SET utf8 COLLATE utf8_bin NULL DEFAULT NULL,
  PRIMARY KEY (`ID_`) USING BTREE
) ENGINE = InnoDB CHARACTER SET = utf8 COLLATE = utf8_bin ROW_FORMAT = Dynamic;

-- ----------------------------
-- Records of act_id_info
-- ----------------------------

-- ----------------------------
-- Table structure for act_id_membership
-- ----------------------------
DROP TABLE IF EXISTS `act_id_membership`;
CREATE TABLE `act_id_membership`  (
  `USER_ID_` varchar(64) CHARACTER SET utf8 COLLATE utf8_bin NOT NULL DEFAULT '',
  `GROUP_ID_` varchar(64) CHARACTER SET utf8 COLLATE utf8_bin NOT NULL DEFAULT '',
  PRIMARY KEY (`USER_ID_`, `GROUP_ID_`) USING BTREE,
  INDEX `ACT_FK_MEMB_GROUP`(`GROUP_ID_`) USING BTREE,
  CONSTRAINT `ACT_FK_MEMB_GROUP` FOREIGN KEY (`GROUP_ID_`) REFERENCES `act_id_group` (`ID_`) ON DELETE RESTRICT ON UPDATE RESTRICT,
  CONSTRAINT `ACT_FK_MEMB_USER` FOREIGN KEY (`USER_ID_`) REFERENCES `act_id_user` (`ID_`) ON DELETE RESTRICT ON UPDATE RESTRICT
) ENGINE = InnoDB CHARACTER SET = utf8 COLLATE = utf8_bin ROW_FORMAT = Dynamic;

-- ----------------------------
-- Records of act_id_membership
-- ----------------------------

-- ----------------------------
-- Table structure for act_id_user
-- ----------------------------
DROP TABLE IF EXISTS `act_id_user`;
CREATE TABLE `act_id_user`  (
  `ID_` varchar(64) CHARACTER SET utf8 COLLATE utf8_bin NOT NULL DEFAULT '',
  `REV_` int NULL DEFAULT NULL,
  `FIRST_` varchar(255) CHARACTER SET utf8 COLLATE utf8_bin NULL DEFAULT NULL,
  `LAST_` varchar(255) CHARACTER SET utf8 COLLATE utf8_bin NULL DEFAULT NULL,
  `EMAIL_` varchar(255) CHARACTER SET utf8 COLLATE utf8_bin NULL DEFAULT NULL,
  `PWD_` varchar(255) CHARACTER SET utf8 COLLATE utf8_bin NULL DEFAULT NULL,
  `PICTURE_ID_` varchar(64) CHARACTER SET utf8 COLLATE utf8_bin NULL DEFAULT NULL,
  PRIMARY KEY (`ID_`) USING BTREE
) ENGINE = InnoDB CHARACTER SET = utf8 COLLATE = utf8_bin ROW_FORMAT = Dynamic;

-- ----------------------------
-- Records of act_id_user
-- ----------------------------

-- ----------------------------
-- Table structure for act_re_deployment
-- ----------------------------
DROP TABLE IF EXISTS `act_re_deployment`;
CREATE TABLE `act_re_deployment`  (
  `ID_` varchar(64) CHARACTER SET utf8 COLLATE utf8_bin NOT NULL DEFAULT '',
  `NAME_` varchar(255) CHARACTER SET utf8 COLLATE utf8_bin NULL DEFAULT NULL,
  `CATEGORY_` varchar(255) CHARACTER SET utf8 COLLATE utf8_bin NULL DEFAULT NULL,
  `DEPLOY_TIME_` timestamp NOT NULL DEFAULT CURRENT_TIMESTAMP ON UPDATE CURRENT_TIMESTAMP,
  PRIMARY KEY (`ID_`) USING BTREE
) ENGINE = InnoDB CHARACTER SET = utf8 COLLATE = utf8_bin ROW_FORMAT = Dynamic;

-- ----------------------------
-- Records of act_re_deployment
-- ----------------------------
INSERT INTO `act_re_deployment` VALUES ('3401', 'leaveBill', NULL, '2021-12-12 16:43:03');

-- ----------------------------
-- Table structure for act_re_model
-- ----------------------------
DROP TABLE IF EXISTS `act_re_model`;
CREATE TABLE `act_re_model`  (
  `ID_` varchar(64) CHARACTER SET utf8 COLLATE utf8_bin NOT NULL,
  `REV_` int NULL DEFAULT NULL,
  `NAME_` varchar(255) CHARACTER SET utf8 COLLATE utf8_bin NULL DEFAULT NULL,
  `KEY_` varchar(255) CHARACTER SET utf8 COLLATE utf8_bin NULL DEFAULT NULL,
  `CATEGORY_` varchar(255) CHARACTER SET utf8 COLLATE utf8_bin NULL DEFAULT NULL,
  `CREATE_TIME_` timestamp NULL DEFAULT NULL,
  `LAST_UPDATE_TIME_` timestamp NULL DEFAULT NULL,
  `VERSION_` int NULL DEFAULT NULL,
  `META_INFO_` varchar(4000) CHARACTER SET utf8 COLLATE utf8_bin NULL DEFAULT NULL,
  `DEPLOYMENT_ID_` varchar(64) CHARACTER SET utf8 COLLATE utf8_bin NULL DEFAULT NULL,
  `EDITOR_SOURCE_VALUE_ID_` varchar(64) CHARACTER SET utf8 COLLATE utf8_bin NULL DEFAULT NULL,
  `EDITOR_SOURCE_EXTRA_VALUE_ID_` varchar(64) CHARACTER SET utf8 COLLATE utf8_bin NULL DEFAULT NULL,
  PRIMARY KEY (`ID_`) USING BTREE,
  INDEX `ACT_FK_MODEL_SOURCE`(`EDITOR_SOURCE_VALUE_ID_`) USING BTREE,
  INDEX `ACT_FK_MODEL_SOURCE_EXTRA`(`EDITOR_SOURCE_EXTRA_VALUE_ID_`) USING BTREE,
  INDEX `ACT_FK_MODEL_DEPLOYMENT`(`DEPLOYMENT_ID_`) USING BTREE,
  CONSTRAINT `ACT_FK_MODEL_DEPLOYMENT` FOREIGN KEY (`DEPLOYMENT_ID_`) REFERENCES `act_re_deployment` (`ID_`) ON DELETE RESTRICT ON UPDATE RESTRICT,
  CONSTRAINT `ACT_FK_MODEL_SOURCE` FOREIGN KEY (`EDITOR_SOURCE_VALUE_ID_`) REFERENCES `act_ge_bytearray` (`ID_`) ON DELETE RESTRICT ON UPDATE RESTRICT,
  CONSTRAINT `ACT_FK_MODEL_SOURCE_EXTRA` FOREIGN KEY (`EDITOR_SOURCE_EXTRA_VALUE_ID_`) REFERENCES `act_ge_bytearray` (`ID_`) ON DELETE RESTRICT ON UPDATE RESTRICT
) ENGINE = InnoDB CHARACTER SET = utf8 COLLATE = utf8_bin ROW_FORMAT = Dynamic;

-- ----------------------------
-- Records of act_re_model
-- ----------------------------

-- ----------------------------
-- Table structure for act_re_procdef
-- ----------------------------
DROP TABLE IF EXISTS `act_re_procdef`;
CREATE TABLE `act_re_procdef`  (
  `ID_` varchar(64) CHARACTER SET utf8 COLLATE utf8_bin NOT NULL,
  `REV_` int NULL DEFAULT NULL,
  `CATEGORY_` varchar(255) CHARACTER SET utf8 COLLATE utf8_bin NULL DEFAULT NULL,
  `NAME_` varchar(255) CHARACTER SET utf8 COLLATE utf8_bin NULL DEFAULT NULL,
  `KEY_` varchar(255) CHARACTER SET utf8 COLLATE utf8_bin NOT NULL,
  `VERSION_` int NOT NULL,
  `DEPLOYMENT_ID_` varchar(64) CHARACTER SET utf8 COLLATE utf8_bin NULL DEFAULT NULL,
  `RESOURCE_NAME_` varchar(4000) CHARACTER SET utf8 COLLATE utf8_bin NULL DEFAULT NULL,
  `DGRM_RESOURCE_NAME_` varchar(4000) CHARACTER SET utf8 COLLATE utf8_bin NULL DEFAULT NULL,
  `DESCRIPTION_` varchar(4000) CHARACTER SET utf8 COLLATE utf8_bin NULL DEFAULT NULL,
  `HAS_START_FORM_KEY_` tinyint NULL DEFAULT NULL,
  `SUSPENSION_STATE_` int NULL DEFAULT NULL,
  PRIMARY KEY (`ID_`) USING BTREE,
  UNIQUE INDEX `ACT_UNIQ_PROCDEF`(`KEY_`, `VERSION_`) USING BTREE
) ENGINE = InnoDB CHARACTER SET = utf8 COLLATE = utf8_bin ROW_FORMAT = Dynamic;

-- ----------------------------
-- Records of act_re_procdef
-- ----------------------------
INSERT INTO `act_re_procdef` VALUES ('LeaveBill:1:3404', 1, 'http://www.activiti.org/test', 'LeaveBillProcess', 'LeaveBill', 1, '3401', 'leaveBill.bpmn', 'leaveBill.png', NULL, 0, 1);

-- ----------------------------
-- Table structure for act_ru_event_subscr
-- ----------------------------
DROP TABLE IF EXISTS `act_ru_event_subscr`;
CREATE TABLE `act_ru_event_subscr`  (
  `ID_` varchar(64) CHARACTER SET utf8 COLLATE utf8_bin NOT NULL,
  `REV_` int NULL DEFAULT NULL,
  `EVENT_TYPE_` varchar(255) CHARACTER SET utf8 COLLATE utf8_bin NOT NULL,
  `EVENT_NAME_` varchar(255) CHARACTER SET utf8 COLLATE utf8_bin NULL DEFAULT NULL,
  `EXECUTION_ID_` varchar(64) CHARACTER SET utf8 COLLATE utf8_bin NULL DEFAULT NULL,
  `PROC_INST_ID_` varchar(64) CHARACTER SET utf8 COLLATE utf8_bin NULL DEFAULT NULL,
  `ACTIVITY_ID_` varchar(64) CHARACTER SET utf8 COLLATE utf8_bin NULL DEFAULT NULL,
  `CONFIGURATION_` varchar(255) CHARACTER SET utf8 COLLATE utf8_bin NULL DEFAULT NULL,
  `CREATED_` timestamp NOT NULL DEFAULT CURRENT_TIMESTAMP,
  PRIMARY KEY (`ID_`) USING BTREE,
  INDEX `ACT_IDX_EVENT_SUBSCR_CONFIG_`(`CONFIGURATION_`) USING BTREE,
  INDEX `ACT_FK_EVENT_EXEC`(`EXECUTION_ID_`) USING BTREE,
  CONSTRAINT `ACT_FK_EVENT_EXEC` FOREIGN KEY (`EXECUTION_ID_`) REFERENCES `act_ru_execution` (`ID_`) ON DELETE RESTRICT ON UPDATE RESTRICT
) ENGINE = InnoDB CHARACTER SET = utf8 COLLATE = utf8_bin ROW_FORMAT = Dynamic;

-- ----------------------------
-- Records of act_ru_event_subscr
-- ----------------------------

-- ----------------------------
-- Table structure for act_ru_execution
-- ----------------------------
DROP TABLE IF EXISTS `act_ru_execution`;
CREATE TABLE `act_ru_execution`  (
  `ID_` varchar(64) CHARACTER SET utf8 COLLATE utf8_bin NOT NULL DEFAULT '',
  `REV_` int NULL DEFAULT NULL,
  `PROC_INST_ID_` varchar(64) CHARACTER SET utf8 COLLATE utf8_bin NULL DEFAULT NULL,
  `BUSINESS_KEY_` varchar(255) CHARACTER SET utf8 COLLATE utf8_bin NULL DEFAULT NULL,
  `PARENT_ID_` varchar(64) CHARACTER SET utf8 COLLATE utf8_bin NULL DEFAULT NULL,
  `PROC_DEF_ID_` varchar(64) CHARACTER SET utf8 COLLATE utf8_bin NULL DEFAULT NULL,
  `SUPER_EXEC_` varchar(64) CHARACTER SET utf8 COLLATE utf8_bin NULL DEFAULT NULL,
  `ACT_ID_` varchar(255) CHARACTER SET utf8 COLLATE utf8_bin NULL DEFAULT NULL,
  `IS_ACTIVE_` tinyint NULL DEFAULT NULL,
  `IS_CONCURRENT_` tinyint NULL DEFAULT NULL,
  `IS_SCOPE_` tinyint NULL DEFAULT NULL,
  `IS_EVENT_SCOPE_` tinyint NULL DEFAULT NULL,
  `SUSPENSION_STATE_` int NULL DEFAULT NULL,
  `CACHED_ENT_STATE_` int NULL DEFAULT NULL,
  PRIMARY KEY (`ID_`) USING BTREE,
  UNIQUE INDEX `ACT_UNIQ_RU_BUS_KEY`(`PROC_DEF_ID_`, `BUSINESS_KEY_`) USING BTREE,
  INDEX `ACT_IDX_EXEC_BUSKEY`(`BUSINESS_KEY_`) USING BTREE,
  INDEX `ACT_FK_EXE_PROCINST`(`PROC_INST_ID_`) USING BTREE,
  INDEX `ACT_FK_EXE_PARENT`(`PARENT_ID_`) USING BTREE,
  INDEX `ACT_FK_EXE_SUPER`(`SUPER_EXEC_`) USING BTREE,
  CONSTRAINT `ACT_FK_EXE_PARENT` FOREIGN KEY (`PARENT_ID_`) REFERENCES `act_ru_execution` (`ID_`) ON DELETE RESTRICT ON UPDATE RESTRICT,
  CONSTRAINT `ACT_FK_EXE_PROCDEF` FOREIGN KEY (`PROC_DEF_ID_`) REFERENCES `act_re_procdef` (`ID_`) ON DELETE RESTRICT ON UPDATE RESTRICT,
  CONSTRAINT `ACT_FK_EXE_PROCINST` FOREIGN KEY (`PROC_INST_ID_`) REFERENCES `act_ru_execution` (`ID_`) ON DELETE CASCADE ON UPDATE CASCADE,
  CONSTRAINT `ACT_FK_EXE_SUPER` FOREIGN KEY (`SUPER_EXEC_`) REFERENCES `act_ru_execution` (`ID_`) ON DELETE RESTRICT ON UPDATE RESTRICT
) ENGINE = InnoDB CHARACTER SET = utf8 COLLATE = utf8_bin ROW_FORMAT = Dynamic;

-- ----------------------------
-- Records of act_ru_execution
-- ----------------------------

-- ----------------------------
-- Table structure for act_ru_identitylink
-- ----------------------------
DROP TABLE IF EXISTS `act_ru_identitylink`;
CREATE TABLE `act_ru_identitylink`  (
  `ID_` varchar(64) CHARACTER SET utf8 COLLATE utf8_bin NOT NULL DEFAULT '',
  `REV_` int NULL DEFAULT NULL,
  `GROUP_ID_` varchar(255) CHARACTER SET utf8 COLLATE utf8_bin NULL DEFAULT NULL,
  `TYPE_` varchar(255) CHARACTER SET utf8 COLLATE utf8_bin NULL DEFAULT NULL,
  `USER_ID_` varchar(255) CHARACTER SET utf8 COLLATE utf8_bin NULL DEFAULT NULL,
  `TASK_ID_` varchar(64) CHARACTER SET utf8 COLLATE utf8_bin NULL DEFAULT NULL,
  `PROC_INST_ID_` varchar(64) CHARACTER SET utf8 COLLATE utf8_bin NULL DEFAULT NULL,
  `PROC_DEF_ID_` varchar(64) CHARACTER SET utf8 COLLATE utf8_bin NULL DEFAULT NULL,
  PRIMARY KEY (`ID_`) USING BTREE,
  INDEX `ACT_IDX_IDENT_LNK_USER`(`USER_ID_`) USING BTREE,
  INDEX `ACT_IDX_IDENT_LNK_GROUP`(`GROUP_ID_`) USING BTREE,
  INDEX `ACT_IDX_ATHRZ_PROCEDEF`(`PROC_DEF_ID_`) USING BTREE,
  INDEX `ACT_FK_TSKASS_TASK`(`TASK_ID_`) USING BTREE,
  INDEX `ACT_FK_IDL_PROCINST`(`PROC_INST_ID_`) USING BTREE,
  CONSTRAINT `ACT_FK_ATHRZ_PROCEDEF` FOREIGN KEY (`PROC_DEF_ID_`) REFERENCES `act_re_procdef` (`ID_`) ON DELETE RESTRICT ON UPDATE RESTRICT,
  CONSTRAINT `ACT_FK_IDL_PROCINST` FOREIGN KEY (`PROC_INST_ID_`) REFERENCES `act_ru_execution` (`ID_`) ON DELETE RESTRICT ON UPDATE RESTRICT,
  CONSTRAINT `ACT_FK_TSKASS_TASK` FOREIGN KEY (`TASK_ID_`) REFERENCES `act_ru_task` (`ID_`) ON DELETE RESTRICT ON UPDATE RESTRICT
) ENGINE = InnoDB CHARACTER SET = utf8 COLLATE = utf8_bin ROW_FORMAT = Dynamic;

-- ----------------------------
-- Records of act_ru_identitylink
-- ----------------------------

-- ----------------------------
-- Table structure for act_ru_job
-- ----------------------------
DROP TABLE IF EXISTS `act_ru_job`;
CREATE TABLE `act_ru_job`  (
  `ID_` varchar(64) CHARACTER SET utf8 COLLATE utf8_bin NOT NULL,
  `REV_` int NULL DEFAULT NULL,
  `TYPE_` varchar(255) CHARACTER SET utf8 COLLATE utf8_bin NOT NULL,
  `LOCK_EXP_TIME_` timestamp NULL DEFAULT NULL,
  `LOCK_OWNER_` varchar(255) CHARACTER SET utf8 COLLATE utf8_bin NULL DEFAULT NULL,
  `EXCLUSIVE_` tinyint(1) NULL DEFAULT NULL,
  `EXECUTION_ID_` varchar(64) CHARACTER SET utf8 COLLATE utf8_bin NULL DEFAULT NULL,
  `PROCESS_INSTANCE_ID_` varchar(64) CHARACTER SET utf8 COLLATE utf8_bin NULL DEFAULT NULL,
  `PROC_DEF_ID_` varchar(64) CHARACTER SET utf8 COLLATE utf8_bin NULL DEFAULT NULL,
  `RETRIES_` int NULL DEFAULT NULL,
  `EXCEPTION_STACK_ID_` varchar(64) CHARACTER SET utf8 COLLATE utf8_bin NULL DEFAULT NULL,
  `EXCEPTION_MSG_` varchar(4000) CHARACTER SET utf8 COLLATE utf8_bin NULL DEFAULT NULL,
  `DUEDATE_` timestamp NULL DEFAULT NULL,
  `REPEAT_` varchar(255) CHARACTER SET utf8 COLLATE utf8_bin NULL DEFAULT NULL,
  `HANDLER_TYPE_` varchar(255) CHARACTER SET utf8 COLLATE utf8_bin NULL DEFAULT NULL,
  `HANDLER_CFG_` varchar(4000) CHARACTER SET utf8 COLLATE utf8_bin NULL DEFAULT NULL,
  PRIMARY KEY (`ID_`) USING BTREE,
  INDEX `ACT_FK_JOB_EXCEPTION`(`EXCEPTION_STACK_ID_`) USING BTREE,
  CONSTRAINT `ACT_FK_JOB_EXCEPTION` FOREIGN KEY (`EXCEPTION_STACK_ID_`) REFERENCES `act_ge_bytearray` (`ID_`) ON DELETE RESTRICT ON UPDATE RESTRICT
) ENGINE = InnoDB CHARACTER SET = utf8 COLLATE = utf8_bin ROW_FORMAT = Dynamic;

-- ----------------------------
-- Records of act_ru_job
-- ----------------------------

-- ----------------------------
-- Table structure for act_ru_task
-- ----------------------------
DROP TABLE IF EXISTS `act_ru_task`;
CREATE TABLE `act_ru_task`  (
  `ID_` varchar(64) CHARACTER SET utf8 COLLATE utf8_bin NOT NULL DEFAULT '',
  `REV_` int NULL DEFAULT NULL,
  `EXECUTION_ID_` varchar(64) CHARACTER SET utf8 COLLATE utf8_bin NULL DEFAULT NULL,
  `PROC_INST_ID_` varchar(64) CHARACTER SET utf8 COLLATE utf8_bin NULL DEFAULT NULL,
  `PROC_DEF_ID_` varchar(64) CHARACTER SET utf8 COLLATE utf8_bin NULL DEFAULT NULL,
  `NAME_` varchar(255) CHARACTER SET utf8 COLLATE utf8_bin NULL DEFAULT NULL,
  `PARENT_TASK_ID_` varchar(64) CHARACTER SET utf8 COLLATE utf8_bin NULL DEFAULT NULL,
  `DESCRIPTION_` varchar(4000) CHARACTER SET utf8 COLLATE utf8_bin NULL DEFAULT NULL,
  `TASK_DEF_KEY_` varchar(255) CHARACTER SET utf8 COLLATE utf8_bin NULL DEFAULT NULL,
  `OWNER_` varchar(255) CHARACTER SET utf8 COLLATE utf8_bin NULL DEFAULT NULL,
  `ASSIGNEE_` varchar(255) CHARACTER SET utf8 COLLATE utf8_bin NULL DEFAULT NULL,
  `DELEGATION_` varchar(64) CHARACTER SET utf8 COLLATE utf8_bin NULL DEFAULT NULL,
  `PRIORITY_` int NULL DEFAULT NULL,
  `CREATE_TIME_` timestamp NOT NULL DEFAULT CURRENT_TIMESTAMP ON UPDATE CURRENT_TIMESTAMP,
  `DUE_DATE_` datetime NULL DEFAULT NULL,
  `SUSPENSION_STATE_` int NULL DEFAULT NULL,
  PRIMARY KEY (`ID_`) USING BTREE,
  INDEX `ACT_IDX_TASK_CREATE`(`CREATE_TIME_`) USING BTREE,
  INDEX `ACT_FK_TASK_EXE`(`EXECUTION_ID_`) USING BTREE,
  INDEX `ACT_FK_TASK_PROCINST`(`PROC_INST_ID_`) USING BTREE,
  INDEX `ACT_FK_TASK_PROCDEF`(`PROC_DEF_ID_`) USING BTREE,
  CONSTRAINT `ACT_FK_TASK_EXE` FOREIGN KEY (`EXECUTION_ID_`) REFERENCES `act_ru_execution` (`ID_`) ON DELETE RESTRICT ON UPDATE RESTRICT,
  CONSTRAINT `ACT_FK_TASK_PROCDEF` FOREIGN KEY (`PROC_DEF_ID_`) REFERENCES `act_re_procdef` (`ID_`) ON DELETE RESTRICT ON UPDATE RESTRICT,
  CONSTRAINT `ACT_FK_TASK_PROCINST` FOREIGN KEY (`PROC_INST_ID_`) REFERENCES `act_ru_execution` (`ID_`) ON DELETE RESTRICT ON UPDATE RESTRICT
) ENGINE = InnoDB CHARACTER SET = utf8 COLLATE = utf8_bin ROW_FORMAT = Dynamic;

-- ----------------------------
-- Records of act_ru_task
-- ----------------------------

-- ----------------------------
-- Table structure for act_ru_variable
-- ----------------------------
DROP TABLE IF EXISTS `act_ru_variable`;
CREATE TABLE `act_ru_variable`  (
  `ID_` varchar(64) CHARACTER SET utf8 COLLATE utf8_bin NOT NULL,
  `REV_` int NULL DEFAULT NULL,
  `TYPE_` varchar(255) CHARACTER SET utf8 COLLATE utf8_bin NOT NULL,
  `NAME_` varchar(255) CHARACTER SET utf8 COLLATE utf8_bin NOT NULL,
  `EXECUTION_ID_` varchar(64) CHARACTER SET utf8 COLLATE utf8_bin NULL DEFAULT NULL,
  `PROC_INST_ID_` varchar(64) CHARACTER SET utf8 COLLATE utf8_bin NULL DEFAULT NULL,
  `TASK_ID_` varchar(64) CHARACTER SET utf8 COLLATE utf8_bin NULL DEFAULT NULL,
  `BYTEARRAY_ID_` varchar(64) CHARACTER SET utf8 COLLATE utf8_bin NULL DEFAULT NULL,
  `DOUBLE_` double NULL DEFAULT NULL,
  `LONG_` bigint NULL DEFAULT NULL,
  `TEXT_` varchar(4000) CHARACTER SET utf8 COLLATE utf8_bin NULL DEFAULT NULL,
  `TEXT2_` varchar(4000) CHARACTER SET utf8 COLLATE utf8_bin NULL DEFAULT NULL,
  PRIMARY KEY (`ID_`) USING BTREE,
  INDEX `ACT_IDX_VARIABLE_TASK_ID`(`TASK_ID_`) USING BTREE,
  INDEX `ACT_FK_VAR_EXE`(`EXECUTION_ID_`) USING BTREE,
  INDEX `ACT_FK_VAR_PROCINST`(`PROC_INST_ID_`) USING BTREE,
  INDEX `ACT_FK_VAR_BYTEARRAY`(`BYTEARRAY_ID_`) USING BTREE,
  CONSTRAINT `ACT_FK_VAR_BYTEARRAY` FOREIGN KEY (`BYTEARRAY_ID_`) REFERENCES `act_ge_bytearray` (`ID_`) ON DELETE RESTRICT ON UPDATE RESTRICT,
  CONSTRAINT `ACT_FK_VAR_EXE` FOREIGN KEY (`EXECUTION_ID_`) REFERENCES `act_ru_execution` (`ID_`) ON DELETE RESTRICT ON UPDATE RESTRICT,
  CONSTRAINT `ACT_FK_VAR_PROCINST` FOREIGN KEY (`PROC_INST_ID_`) REFERENCES `act_ru_execution` (`ID_`) ON DELETE RESTRICT ON UPDATE RESTRICT
) ENGINE = InnoDB CHARACTER SET = utf8 COLLATE = utf8_bin ROW_FORMAT = Dynamic;

-- ----------------------------
-- Records of act_ru_variable
-- ----------------------------

-- ----------------------------
-- Table structure for dept
-- ----------------------------
DROP TABLE IF EXISTS `dept`;
CREATE TABLE `dept`  (
  `id` varchar(32) CHARACTER SET utf8 COLLATE utf8_general_ci NOT NULL,
  `parentId` varchar(32) CHARACTER SET utf8 COLLATE utf8_general_ci NULL DEFAULT NULL,
  `pids` varchar(255) CHARACTER SET utf8 COLLATE utf8_general_ci NULL DEFAULT NULL,
  `deptName` varchar(32) CHARACTER SET utf8 COLLATE utf8_general_ci NULL DEFAULT NULL,
  `deptDesc` varchar(32) CHARACTER SET utf8 COLLATE utf8_general_ci NULL DEFAULT NULL,
  `hasSub` varchar(1) CHARACTER SET utf8 COLLATE utf8_general_ci NULL DEFAULT NULL,
  `level` varchar(32) CHARACTER SET utf8 COLLATE utf8_general_ci NULL DEFAULT NULL,
  PRIMARY KEY (`id`) USING BTREE
) ENGINE = InnoDB CHARACTER SET = utf8 COLLATE = utf8_general_ci ROW_FORMAT = Dynamic;

-- ----------------------------
-- Records of dept
-- ----------------------------
INSERT INTO `dept` VALUES ('d01', 'd03', 'd03,d03', '', '', '0', 'LV2');
INSERT INTO `dept` VALUES ('d02', 'd01', 'top,d01', '', '', '0', 'lv2');
INSERT INTO `dept` VALUES ('d03', 'd01', 'top,d01', '', '', '0', 'lv2');
INSERT INTO `dept` VALUES ('d04', 'd01', 'top,d01', '', '', '0', 'lv2');
INSERT INTO `dept` VALUES ('d05', 'd01', 'top,d01', '', '', '0', 'lv2');
INSERT INTO `dept` VALUES ('d06', 'd01', 'top,d01', '', '', '0', 'lv2');
INSERT INTO `dept` VALUES ('d07', 'd01', 'top,d01', '', '', '0', 'lv2');
INSERT INTO `dept` VALUES ('d08', 'd01', 'top,d01', '', NULL, '0', 'lv2');
INSERT INTO `dept` VALUES ('d09', 'd01', 'top,d01', '', NULL, '0', 'lv2');
INSERT INTO `dept` VALUES ('d10', 'd01', 'top,d01', '', NULL, '0', 'lv2');

-- ----------------------------
-- Table structure for document
-- ----------------------------
DROP TABLE IF EXISTS `document`;
CREATE TABLE `document`  (
  `id` int NOT NULL,
  `documentname` varchar(255) CHARACTER SET utf8mb4 COLLATE utf8mb4_0900_ai_ci NULL DEFAULT NULL,
  `uploader` varchar(255) CHARACTER SET utf8mb4 COLLATE utf8mb4_0900_ai_ci NULL DEFAULT NULL,
  `filename` varchar(255) CHARACTER SET utf8mb4 COLLATE utf8mb4_0900_ai_ci NULL DEFAULT NULL,
  `filesize` varchar(255) CHARACTER SET utf8mb4 COLLATE utf8mb4_0900_ai_ci NULL DEFAULT NULL,
  `downtimes` int NULL DEFAULT NULL,
  `createdate` datetime NULL DEFAULT NULL,
  `note` varchar(255) CHARACTER SET utf8mb4 COLLATE utf8mb4_0900_ai_ci NULL DEFAULT NULL,
  PRIMARY KEY (`id`) USING BTREE
) ENGINE = InnoDB CHARACTER SET = utf8mb4 COLLATE = utf8mb4_0900_ai_ci ROW_FORMAT = Dynamic;

-- ----------------------------
-- Records of document
-- ----------------------------

-- ----------------------------
-- Table structure for menu
-- ----------------------------
DROP TABLE IF EXISTS `menu`;
CREATE TABLE `menu`  (
  `id` varchar(32) CHARACTER SET utf8 COLLATE utf8_general_ci NOT NULL,
  `parentId` varchar(32) CHARACTER SET utf8 COLLATE utf8_general_ci NULL DEFAULT NULL,
  `parIds` varchar(32) CHARACTER SET utf8 COLLATE utf8_general_ci NULL DEFAULT NULL,
  `menuName` varchar(32) CHARACTER SET utf8 COLLATE utf8_general_ci NULL DEFAULT NULL,
  `note` varchar(32) CHARACTER SET utf8 COLLATE utf8_general_ci NULL DEFAULT NULL,
  `mapping` varchar(32) CHARACTER SET utf8 COLLATE utf8_general_ci NULL DEFAULT NULL,
  `visible` varchar(32) CHARACTER SET utf8 COLLATE utf8_general_ci NULL DEFAULT NULL,
  `permission` varchar(32) CHARACTER SET utf8 COLLATE utf8_general_ci NULL DEFAULT NULL,
  PRIMARY KEY (`id`) USING BTREE
) ENGINE = InnoDB CHARACTER SET = utf8 COLLATE = utf8_general_ci ROW_FORMAT = Dynamic;

-- ----------------------------
-- Records of menu
-- ----------------------------
INSERT INTO `menu` VALUES ('m01', 'm', 'm', '', '(view)', '/User', '1', 'user:');
INSERT INTO `menu` VALUES ('m010', 'm01', 'm,m01', '', '(view)', '/User/viewList', '1', 'user:viewList');
INSERT INTO `menu` VALUES ('m011', 'm01', 'm,m01', '', '(view)', '/User/viewAdd', '1', 'user:viewAdd');
INSERT INTO `menu` VALUES ('m012', 'm01', 'm,m01', '(json)', '(json)', '/User/jsonInfo', '0', 'user:jsonInfo');
INSERT INTO `menu` VALUES ('m013', 'm01', 'm,m01', '(json)', '(json)', '/User/jsonList', '0', 'user:jsonList');
INSERT INTO `menu` VALUES ('m014', 'm01', 'm,m01', '', '', '/User/delete', '0', 'user:delete');
INSERT INTO `menu` VALUES ('m015', 'm01', 'm,m01', '', '', '/User/save', '0', 'user:save');
INSERT INTO `menu` VALUES ('m02', 'm', 'm', '', '(view)', '/Dept', '1', 'dept:');
INSERT INTO `menu` VALUES ('m020', 'm02', 'm,m02', '', '(view)', '/Dept/viewList', '1', 'dept:viewList');
INSERT INTO `menu` VALUES ('m021', 'm02', 'm,m02', '', '(view)', '/Dept/viewAdd', '1', 'dept:viewAdd');
INSERT INTO `menu` VALUES ('m022', 'm02', 'm,m02', '', '(json)', '/Dept/jsonInfo', '1', 'dept:jsonInfo');
INSERT INTO `menu` VALUES ('m023', 'm02', 'm,m02', '(json)', '(json)', '/Dept/jsonList', '0', 'dept:jsonList');
INSERT INTO `menu` VALUES ('m024', 'm02', 'm,m02', '', '', '/Dept/delete', '0', 'dept:delete');
INSERT INTO `menu` VALUES ('m025', 'm02', 'm,m02', '', '', '/Dept/save', '0', 'dept:save');
INSERT INTO `menu` VALUES ('m026', 'm02', 'm,m02', '', '', '/Dept/getSubDept', '0', 'dept:getSubDept');
INSERT INTO `menu` VALUES ('m03', 'm', 'm,m03', '', '(view)', '/WorkFlow', '1', 'workflow:');
INSERT INTO `menu` VALUES ('m031', 'm03', 'm,m03', '', '(view)', '/WorkFlow/viewProcList', '1', 'workflow:viewProcList');
INSERT INTO `menu` VALUES ('m032', 'm03', 'm,m03', '', '(view)', '/WorkFlow/viewUploadProc', '1', 'workflow:viewUploadProc');
INSERT INTO `menu` VALUES ('m033', 'm03', 'm,m03', '', '()', '/WorkFlow/deployProc', '0', 'workflow:deployProc');
INSERT INTO `menu` VALUES ('m034', 'm03', 'm,m03', '', '(json)', '/WorkFlow/jsonInfo', '0', 'workflow:jsonInfo');
INSERT INTO `menu` VALUES ('m035', 'm03', 'm,m03', '', '(json)', '/WorkFlow/jsonList', '0', 'workflow:jsonList');
INSERT INTO `menu` VALUES ('m036', 'm03', 'm,m03', '', '', '/WorkFlow/delete', '0', 'workflow:delete');
INSERT INTO `menu` VALUES ('m04', 'm', 'm,m04', '', '(view)', '/Document', '1', 'document:');
INSERT INTO `menu` VALUES ('m041', 'm04', 'm,m04', '', '(view)', '/Document/viewList', '1', 'document:viewList');
INSERT INTO `menu` VALUES ('m042', 'm04', 'm,m04', '', '(view)', '/Document/viewUpload', '1', 'document:viewUpload');
INSERT INTO `menu` VALUES ('m043', 'm04', 'm,m04', '', '()', '/Document/upload', '0', 'document:upload');
INSERT INTO `menu` VALUES ('m044', 'm04', 'm,m04', '', '(json)', '/Document/jsonList', '0', 'document:jsonList');
INSERT INTO `menu` VALUES ('m045', 'm04', 'm,m04', '', '()', '/Document/download', '0', 'document:download');
INSERT INTO `menu` VALUES ('m046', 'm04', 'm,m04', '', '()', '/Document/delete', '0', 'document:delete');

-- ----------------------------
-- Table structure for role
-- ----------------------------
DROP TABLE IF EXISTS `role`;
CREATE TABLE `role`  (
  `id` varchar(32) CHARACTER SET utf8 COLLATE utf8_general_ci NOT NULL,
  `roleName` varchar(32) CHARACTER SET utf8 COLLATE utf8_general_ci NULL DEFAULT NULL,
  `roleDesc` varchar(32) CHARACTER SET utf8 COLLATE utf8_general_ci NULL DEFAULT NULL,
  PRIMARY KEY (`id`) USING BTREE
) ENGINE = InnoDB CHARACTER SET = utf8 COLLATE = utf8_general_ci ROW_FORMAT = Dynamic;

-- ----------------------------
-- Records of role
-- ----------------------------
INSERT INTO `role` VALUES ('r0*', 'admin', '');
INSERT INTO `role` VALUES ('r01', 'boss', '');
INSERT INTO `role` VALUES ('r02', 'leader', '');
INSERT INTO `role` VALUES ('r03', 'manager', '');
INSERT INTO `role` VALUES ('r04', 'teamLeader', '');
INSERT INTO `role` VALUES ('r05', 'employee', '');

-- ----------------------------
-- Table structure for role_permission
-- ----------------------------
DROP TABLE IF EXISTS `role_permission`;
CREATE TABLE `role_permission`  (
  `id` varchar(32) CHARACTER SET utf8 COLLATE utf8_general_ci NOT NULL DEFAULT '',
  `role_id` varchar(32) CHARACTER SET utf8 COLLATE utf8_general_ci NULL DEFAULT NULL,
  `permission` varchar(32) CHARACTER SET utf8 COLLATE utf8_general_ci NULL DEFAULT NULL,
  `comment` varchar(32) CHARACTER SET utf8 COLLATE utf8_general_ci NULL DEFAULT NULL,
  PRIMARY KEY (`id`) USING BTREE
) ENGINE = InnoDB CHARACTER SET = utf8 COLLATE = utf8_general_ci ROW_FORMAT = Dynamic;

-- ----------------------------
-- Records of role_permission
-- ----------------------------
INSERT INTO `role_permission` VALUES ('001', 'r0*', 'user:', '[a01,admin]');
INSERT INTO `role_permission` VALUES ('002', 'r0*', 'dept:', '[a01,admin]');
INSERT INTO `role_permission` VALUES ('003', 'r01', 'user:', '[boss]');
INSERT INTO `role_permission` VALUES ('004', 'r01', 'document:', '[boss]');
INSERT INTO `role_permission` VALUES ('005', 'r01', 'dept:', '[boss]');
INSERT INTO `role_permission` VALUES ('006', 'r02', 'document:', '[leader]');
INSERT INTO `role_permission` VALUES ('007', 'r03', 'document:', '[manager]');
INSERT INTO `role_permission` VALUES ('008', 'r04', 'document:viewList', '[teamLeader]');
INSERT INTO `role_permission` VALUES ('009', 'r04', 'document:jsonList', '[teamLeader]');
INSERT INTO `role_permission` VALUES ('010', 'r04', 'document:download', '[teamLeader]');
INSERT INTO `role_permission` VALUES ('011', 'r05', 'document:viewList', '[employee]');
INSERT INTO `role_permission` VALUES ('012', 'r05', 'document:jsonList', '[employee]');
INSERT INTO `role_permission` VALUES ('013', 'r05', 'document:download', '[employee]');

-- ----------------------------
-- Table structure for t_leave
-- ----------------------------
DROP TABLE IF EXISTS `t_leave`;
CREATE TABLE `t_leave`  (
  `procInstId` varchar(32) CHARACTER SET utf8 COLLATE utf8_general_ci NULL DEFAULT NULL,
  `procDefId` varchar(32) CHARACTER SET utf8 COLLATE utf8_general_ci NULL DEFAULT NULL,
  `taskId` varchar(32) CHARACTER SET utf8 COLLATE utf8_general_ci NULL DEFAULT NULL,
  `startDate` datetime NULL DEFAULT NULL,
  `endDate` datetime NULL DEFAULT NULL,
  `reason` varchar(32) CHARACTER SET utf8 COLLATE utf8_general_ci NULL DEFAULT NULL,
  `days` int NULL DEFAULT NULL,
  `leaveType` enum('','','','','','') CHARACTER SET utf8 COLLATE utf8_general_ci NULL DEFAULT NULL,
  `createTime` varchar(32) CHARACTER SET utf8 COLLATE utf8_general_ci NULL DEFAULT NULL,
  `finishTime` varchar(32) CHARACTER SET utf8 COLLATE utf8_general_ci NULL DEFAULT NULL,
  `initiator` varchar(32) CHARACTER SET utf8 COLLATE utf8_general_ci NULL DEFAULT NULL,
  `assignee` varchar(32) CHARACTER SET utf8 COLLATE utf8_general_ci NULL DEFAULT NULL,
  `status` enum('','','') CHARACTER SET utf8 COLLATE utf8_general_ci NULL DEFAULT NULL
) ENGINE = InnoDB CHARACTER SET = utf8 COLLATE = utf8_general_ci ROW_FORMAT = Dynamic;

-- ----------------------------
-- Records of t_leave
-- ----------------------------
INSERT INTO `t_leave` VALUES ('3501', 'LeaveBill:1:3404', NULL, '2019-10-03 00:00:00', '2019-10-05 00:00:00', '111111', 2, '', '2021-12-12', NULL, 'u07', NULL, '');

-- ----------------------------
-- Table structure for t_proc_config
-- ----------------------------
DROP TABLE IF EXISTS `t_proc_config`;
CREATE TABLE `t_proc_config`  (
  `id` varchar(32) CHARACTER SET utf8 COLLATE utf8_general_ci NOT NULL,
  `deplomentId` varchar(32) CHARACTER SET utf8 COLLATE utf8_general_ci NOT NULL DEFAULT '',
  `procDefId` varchar(32) CHARACTER SET utf8 COLLATE utf8_general_ci NOT NULL DEFAULT '',
  `procCategory` enum('','','','') CHARACTER SET utf8 COLLATE utf8_general_ci NULL DEFAULT NULL,
  `version` varchar(2) CHARACTER SET utf8 COLLATE utf8_general_ci NULL DEFAULT NULL,
  `procKey` varchar(32) CHARACTER SET utf8 COLLATE utf8_general_ci NULL DEFAULT NULL,
  `note` varchar(255) CHARACTER SET utf8 COLLATE utf8_general_ci NULL DEFAULT NULL,
  `createDate` datetime NULL DEFAULT NULL,
  PRIMARY KEY (`id`) USING BTREE
) ENGINE = InnoDB CHARACTER SET = utf8 COLLATE = utf8_general_ci ROW_FORMAT = Dynamic;

-- ----------------------------
-- Records of t_proc_config
-- ----------------------------
INSERT INTO `t_proc_config` VALUES ('1', '3401', 'LeaveBill:1:3404', '', '1', 'LeaveBill', '', '2021-12-12 19:51:22');

-- ----------------------------
-- Table structure for t_reimburse
-- ----------------------------
DROP TABLE IF EXISTS `t_reimburse`;
CREATE TABLE `t_reimburse`  (
  `procInstId` int NOT NULL,
  `procDefId` int NULL DEFAULT NULL,
  `taskId` int NULL DEFAULT NULL,
  `reason` varchar(255) CHARACTER SET utf8mb4 COLLATE utf8mb4_0900_ai_ci NULL DEFAULT NULL,
  `money` double NULL DEFAULT NULL,
  `type` varchar(255) CHARACTER SET utf8mb4 COLLATE utf8mb4_0900_ai_ci NULL DEFAULT NULL,
  `createTime` datetime NULL DEFAULT NULL,
  `finishTime` datetime NULL DEFAULT NULL,
  `initiator` varchar(255) CHARACTER SET utf8mb4 COLLATE utf8mb4_0900_ai_ci NULL DEFAULT NULL,
  `assignee` varchar(255) CHARACTER SET utf8mb4 COLLATE utf8mb4_0900_ai_ci NULL DEFAULT NULL,
  `status` varchar(255) CHARACTER SET utf8mb4 COLLATE utf8mb4_0900_ai_ci NULL DEFAULT NULL,
  PRIMARY KEY (`procInstId`) USING BTREE
) ENGINE = InnoDB CHARACTER SET = utf8mb4 COLLATE = utf8mb4_0900_ai_ci ROW_FORMAT = Dynamic;

-- ----------------------------
-- Records of t_reimburse
-- ----------------------------

-- ----------------------------
-- Table structure for user
-- ----------------------------
DROP TABLE IF EXISTS `user`;
CREATE TABLE `user`  (
  `id` varchar(32) CHARACTER SET utf8 COLLATE utf8_general_ci NOT NULL,
  `username` varchar(32) CHARACTER SET utf8 COLLATE utf8_general_ci NULL DEFAULT NULL,
  `password` varchar(32) CHARACTER SET utf8 COLLATE utf8_general_ci NULL DEFAULT NULL,
  `nickName` varchar(32) CHARACTER SET utf8 COLLATE utf8_general_ci NULL DEFAULT NULL,
  `deptId` varchar(32) CHARACTER SET utf8 COLLATE utf8_general_ci NULL DEFAULT NULL,
  `email` varchar(32) CHARACTER SET utf8 COLLATE utf8_general_ci NULL DEFAULT NULL,
  `no` varchar(32) CHARACTER SET utf8 COLLATE utf8_general_ci NULL DEFAULT NULL,
  `createDate` timestamp NULL DEFAULT NULL,
  PRIMARY KEY (`id`) USING BTREE
) ENGINE = InnoDB CHARACTER SET = utf8 COLLATE = utf8_general_ci ROW_FORMAT = Dynamic;

-- ----------------------------
-- Records of user
-- ----------------------------
INSERT INTO `user` VALUES ('a01', 'admin', '202cb962ac59075b964b07152d234b70', 'admin', 'sys', NULL, 'admin', NULL);
INSERT INTO `user` VALUES ('u01', 'andy', '202cb962ac59075b964b07152d234b70', '', 'd01', NULL, 'emp01', NULL);
INSERT INTO `user` VALUES ('u02', 'candy', '202cb962ac59075b964b07152d234b70', '', 'd01', NULL, 'emp02', NULL);
INSERT INTO `user` VALUES ('u03', 'boss', '202cb962ac59075b964b07152d234b70', '', 'top', NULL, 'emp03', NULL);
INSERT INTO `user` VALUES ('u06', 'kailen', '202cb962ac59075b964b07152d234b70', '', 'd02', NULL, 'emp04', NULL);
INSERT INTO `user` VALUES ('u07', 'terry', '202cb962ac59075b964b07152d234b70', '', 'd02', NULL, 'emp05', NULL);

-- ----------------------------
-- Table structure for user_role
-- ----------------------------
DROP TABLE IF EXISTS `user_role`;
CREATE TABLE `user_role`  (
  `user_id` varchar(32) CHARACTER SET utf8 COLLATE utf8_general_ci NULL DEFAULT NULL,
  `role_id` varchar(32) CHARACTER SET utf8 COLLATE utf8_general_ci NULL DEFAULT NULL,
  `comment` varchar(255) CHARACTER SET utf8 COLLATE utf8_general_ci NULL DEFAULT NULL
) ENGINE = InnoDB CHARACTER SET = utf8 COLLATE = utf8_general_ci ROW_FORMAT = Dynamic;

-- ----------------------------
-- Records of user_role
-- ----------------------------
INSERT INTO `user_role` VALUES ('u01', 'r05', 'andy [employee] [d01:]');
INSERT INTO `user_role` VALUES ('u02', 'r03', 'candy [manager] [d01:]');
INSERT INTO `user_role` VALUES ('u03', 'r01', 'boss [boss][top:]');
INSERT INTO `user_role` VALUES ('a01', 'r0*', 'admin [admin]');
INSERT INTO `user_role` VALUES ('u06', 'r02', 'kailen[leader][d02:]');
INSERT INTO `user_role` VALUES ('u07', 'r05', 'terry[employee][d02:]');

SET FOREIGN_KEY_CHECKS = 1;
